chromium.chromiumos_linux-chromeos-dbg_3233,OmniboxViewViewsTest.PasteAndGoDoesNotLeavePopupOpen
chromium.chromiumos_linux-chromeos-rel_3549,OobeTest.NewUser
chromium.chromiumos_linux-chromeos-rel_3565,AutofillInteractiveTest.MultipleEmailFilledByOneUserGesture
chromium.chromiumos_linux-chromeos-rel_3572,OmniboxApiTest.DeleteOmniboxSuggestionResult
chromium.chromiumos_linux-chromeos-rel_3573,ExtensionCrashRecoveryTest.ReloadIndependentlyNavigatePage
chromium.chromiumos_linux-chromeos-rel_3574,CrElementsActionMenuTest.All
chromium.chromiumos_linux-chromeos-rel_3588,FindInPageTest.ButtonsDoNotAlterFocus
chromium.chromiumos_linux-chromeos-rel_3591,AutofillInteractiveTest.MultipleEmailFilledByOneUserGesture
chromium.chromiumos_linux-chromeos-rel_3599,FindInPageTest.CtrlEnter
chromium.chromiumos_linux-chromeos-rel_3610,FindInPageTest.CtrlEnter
chromium.chromiumos_linux-chromeos-rel_3613,WebViewInteractiveTests/WebViewFocusInteractiveTest.FocusAndVisibility/1
chromium.chromiumos_linux-chromeos-rel_3614,OobeTest.NewUser
chromium.chromiumos_linux-chromeos-rel_3627,FindInPageTest.CtrlEnter
chromium.chromiumos_linux-chromeos-rel_3634,WebViewInteractiveTests/WebViewFocusInteractiveTest.FocusAndVisibility/1
chromium.chromiumos_linux-chromeos-rel_3636,OmniboxApiTest.PopupStaysClosed
chromium.chromiumos_linux-chromeos-rel_3637,FindInPageTest.CtrlEnter
chromium.chromiumos_linux-chromeos-rel_3639,WebViewInteractiveTests/WebViewFocusInteractiveTest.FocusAndVisibility/1
chromium.chromiumos_linux-chromeos-rel_3654,OmniboxApiTest.PopupStaysClosed
chromium.chromiumos_linux-chromeos-rel_3669,ExtensionCrashRecoveryTest.TwoExtensionsCrashFirst
chromium.chromiumos_linux-chromeos-rel_3674,AutofillInteractiveTest.MultipleEmailFilledByOneUserGesture
chromium.chromiumos_linux-chromeos-rel_3684,FindInPageTest.CtrlEnter
chromium.chromiumos_linux-chromeos-rel_3700,WebViewInteractiveTests/WebViewFocusInteractiveTest.FocusAndVisibility/1
chromium.chromiumos_linux-chromeos-rel_3720,CrElementsActionMenuTest.All
chromium.chromiumos_linux-chromeos-rel_3742,FindInPageTest.CtrlEnter
chromium.clang_CFI Linux (icall)_2813,WidgetTestInteractive.RestoreAfterMinimize
chromium.clang_CFI Linux (icall)_2819,WidgetTestInteractive.RestoreAfterMinimize
chromium.clang_CFI Linux (icall)_2825,WidgetTestInteractive.RestoreAfterMinimize
chromium.clang_CFI Linux (icall)_2827,WidgetTestInteractive.RestoreAfterMinimize
chromium.clang_CFI Linux (icall)_2830,WidgetTestInteractive.RestoreAfterMinimize
chromium.clang_CFI Linux (icall)_2833,WidgetTestInteractive.RestoreAfterMinimize
chromium.clang_CFI Linux (icall)_2841,WidgetTestInteractive.RestoreAfterMinimize
chromium.clang_CFI Linux (icall)_2846,WidgetTestInteractive.RestoreAfterMinimize
chromium.clang_CFI Linux ToT_936,WidgetTestInteractive.RestoreAfterMinimize
chromium.clang_CFI Linux ToT_938,WidgetTestInteractive.RestoreAfterMinimize
chromium.clang_CFI Linux ToT_945,SitePerProcessInteractiveBrowserTest.TabAndMouseFocusNavigation
chromium.clang_CFI Linux ToT_952,WidgetTestInteractive.RestoreAfterMinimize
chromium.clang_CFI Linux ToT_974,SitePerProcessInteractiveBrowserTest.TabAndMouseFocusNavigation
chromium.clang_CFI Linux ToT_984,SitePerProcessInteractiveBrowserTest.TabAndMouseFocusNavigation
chromium.clang_CFI Linux ToT_987,SitePerProcessInteractiveBrowserTest.TabAndMouseFocusNavigation
chromium.clang_CFI Linux ToT_990,SitePerProcessInteractiveBrowserTest.TabAndMouseFocusNavigation
chromium.clang_ToTLinuxASan_1011,SitePerProcessInteractiveBrowserTest.TabAndMouseFocusNavigation
chromium.clang_ToTLinuxASan_1016,WidgetTestInteractive.RestoreAfterMinimize
chromium.clang_ToTLinuxASan_993,SitePerProcessInteractiveBrowserTest.TabAndMouseFocusNavigation
chromium.clang_ToTLinuxASan_995,BrowserCommandControllerInteractiveTest.ShortcutsShouldTakeEffectInBrowserFullscreen
chromium.clang_ToTLinuxASan_997,WidgetTestInteractive.RestoreAfterMinimize
chromium.clang_ToTLinuxASan_998,WidgetTestInteractive.RestoreAfterMinimize
chromium.clang_ToTLinuxMSan_1208,BrowserCommandControllerInteractiveTest.ShortcutsShouldTakeEffectInBrowserFullscreen
chromium.clang_ToTLinuxMSan_1214,SitePerProcessInteractiveBrowserTest.TabAndMouseFocusNavigation
chromium.clang_ToTLinuxMSan_1216,WidgetTestInteractive.RestoreAfterMinimize
chromium.clang_ToTLinuxMSan_1221,WidgetTestInteractive.RestoreAfterMinimize
chromium.clang_ToTLinuxMSan_1255,WebViewBrowserPluginInteractiveTest.EnsureFocusSynced
chromium.clang_ToTLinuxThinLTO_963,X11TopmostWindowFinderTest.Menu
chromium.clang_ToTLinuxThinLTO_963,X11TopmostWindowFinderTest.NonRectangularNullShape
chromium.clang_ToTLinuxThinLTO_967,X11TopmostWindowFinderTest.NonRectangularNullShape
chromium.clang_ToTLinuxThinLTO_986,X11TopmostWindowFinderTest.NonRectangularNullShape
chromium.clang_ToTLinuxThinLTO_988,X11TopmostWindowFinderTest.NonRectangularNullShape
chromium.clang_ToTLinuxThinLTO_989,TabDragging/DetachToBrowserTabDragControllerTest.DragToSeparateWindow/0
chromium.clang_ToTLinuxThinLTO_990,X11TopmostWindowFinderTest.NonRectangularNullShape
chromium.clang_ToTLinuxThinLTO_992,X11TopmostWindowFinderTest.NonRectangularNullShape
chromium.clang_ToTLinux_1133,ExtensionPointerLockTest.ExtensionPointerLockAccessFail
chromium.clang_ToTLinux_1134,BrowserFocusTest.BackgroundBrowserDontStealFocus
chromium.clang_ToTLinux_1135,StartupBrowserCreatorTest.LastUsedProfileActivated
chromium.clang_ToTLinux_1135,BrowserFocusTest.BackgroundBrowserDontStealFocus
chromium.clang_ToTLinux_1142,BrowserFocusTest.BackgroundBrowserDontStealFocus
chromium.clang_ToTLinux_1143,StartupBrowserCreatorTest.LastUsedProfileActivated
chromium.clang_ToTLinux_1144,WidgetTestInteractive.RestoreAfterMinimize
chromium.clang_ToTLinux_1145,WidgetTestInteractive.RestoreAfterMinimize
chromium.clang_ToTLinux_1147,WidgetTestInteractive.RestoreAfterMinimize
chromium.clang_ToTLinux_1149,TabDragging/DetachToBrowserTabDragControllerTest.DragToSeparateWindow/0
chromium.clang_ToTLinux_1162,BrowserFocusTest.FocusOnNavigate
chromium.clang_ToTLinux_1162,BrowserFocusTest.BackgroundBrowserDontStealFocus
chromium.clang_ToTLinux_1164,BrowserFocusTest.BackgroundBrowserDontStealFocus
chromium.clang_ToTLinux_1166,WidgetTestInteractive.RestoreAfterMinimize
chromium.clang_ToTLinux_1171,BrowserFocusTest.FocusOnNavigate
chromium.clang_ToTLinux_1174,WidgetTestInteractive.RestoreAfterMinimize
chromium.clang_ToTMacASan_518,ExtensionPointerLockTest.ExtensionPointerLockAccessFail
chromium.clang_ToTMacASan_525,CommandsApiTest.OverwriteBookmarkShortcutByUserOverridesWebKeybinding
chromium.fyi_Chromium Mac 10.10 MacViews_28125,PlatformNotificationServiceBrowserTest.DisplayPersistentNotificationWithoutPermission
chromium.fyi_Chromium Mac 10.10 MacViews_28127,ExtensionCrashRecoveryTest.TwoExtensionsCrashBothAtOnce
chromium.fyi_Chromium Mac 10.10 MacViews_28151,WebViewInteractiveTests/WebViewFocusInteractiveTest.FocusAndVisibility/1
chromium.fyi_Chromium Mac 10.13_518,BridgedNativeWidgetUITest.FullscreenEnterAndExit
chromium.fyi_Chromium Mac 10.13_519,BridgedNativeWidgetUITest.FullscreenEnterAndExit
chromium.fyi_Chromium Mac 10.13_520,BridgedNativeWidgetUITest.FullscreenEnterAndExit
chromium.fyi_Chromium Mac 10.13_521,BridgedNativeWidgetUITest.FullscreenEnterAndExit
chromium.fyi_Chromium Mac 10.13_522,BridgedNativeWidgetUITest.FullscreenEnterAndExit
chromium.fyi_Chromium Mac 10.13_522,PlatformNotificationServiceBrowserTest.DataUrlAsNotificationImage
chromium.fyi_Chromium Mac 10.13_523,BridgedNativeWidgetUITest.FullscreenEnterAndExit
chromium.fyi_Chromium Mac 10.13_524,BridgedNativeWidgetUITest.FullscreenEnterAndExit
chromium.fyi_Chromium Mac 10.13_525,BridgedNativeWidgetUITest.FullscreenEnterAndExit
chromium.fyi_Chromium Mac 10.13_526,BridgedNativeWidgetUITest.FullscreenEnterAndExit
chromium.fyi_Chromium Mac 10.13_526,PlatformNotificationServiceBrowserTest.GetDisplayedNotifications
chromium.fyi_Chromium Mac 10.13_527,BridgedNativeWidgetUITest.FullscreenEnterAndExit
chromium.fyi_Chromium Mac 10.13_528,BridgedNativeWidgetUITest.FullscreenEnterAndExit
chromium.fyi_Chromium Mac 10.13_530,BridgedNativeWidgetUITest.FullscreenEnterAndExit
chromium.fyi_Chromium Mac 10.13_531,BridgedNativeWidgetUITest.FullscreenEnterAndExit
chromium.fyi_Chromium Mac 10.13_532,BridgedNativeWidgetUITest.FullscreenEnterAndExit
chromium.fyi_Chromium Mac 10.13_533,BridgedNativeWidgetUITest.FullscreenEnterAndExit
chromium.fyi_Chromium Mac 10.13_534,PlatformNotificationServiceBrowserTest.WebNotificationSiteSettingsButton
chromium.fyi_Chromium Mac 10.13_534,BridgedNativeWidgetUITest.FullscreenEnterAndExit
chromium.fyi_Chromium Mac 10.13_536,BridgedNativeWidgetUITest.FullscreenEnterAndExit
chromium.fyi_Chromium Mac 10.13_537,BridgedNativeWidgetUITest.FullscreenEnterAndExit
chromium.fyi_Chromium Mac 10.13_538,BridgedNativeWidgetUITest.FullscreenEnterAndExit
chromium.fyi_Chromium Mac 10.13_538,WebViewInteractiveTests/WebViewInteractiveTest.TextSelection/0
chromium.fyi_Chromium Mac 10.13_539,BridgedNativeWidgetUITest.FullscreenEnterAndExit
chromium.fyi_Chromium Mac 10.13_540,BridgedNativeWidgetUITest.FullscreenEnterAndExit
chromium.fyi_Chromium Mac 10.13_540,WebViewInteractiveTests/WebViewInteractiveTest.TextSelection/0
chromium.fyi_Out of Process Profiling Linux_3431,ExtensionCrashRecoveryTest.ReloadIndependentlyChangeTabs
chromium.fyi_Out of Process Profiling Linux_3434,BrowserFocusTest.BackgroundBrowserDontStealFocus
chromium.fyi_Out of Process Profiling Linux_3434,ExtensionCrashRecoveryTest.ReloadIndependentlyNavigatePage
chromium.fyi_Out of Process Profiling Linux_3435,TabDragging/DetachToBrowserTabDragControllerTest.DragToSeparateWindow/0
chromium.fyi_Out of Process Profiling Linux_3441,FindInPageTest.ButtonsDoNotAlterFocus
chromium.fyi_Out of Process Profiling Linux_3444,TabDragging/DetachToBrowserTabDragControllerTest.DragToSeparateWindow/0
chromium.fyi_Out of Process Profiling Linux_3445,ExtensionCrashRecoveryTest.CrashAndUnloadAll
chromium.fyi_Out of Process Profiling Linux_3449,MouseLeaveTest.ModalDialog
chromium.fyi_Out of Process Profiling Linux_3450,BrowserFocusTest.BackgroundBrowserDontStealFocus
chromium.fyi_Out of Process Profiling Linux_3452,BrowserFocusTest.BackgroundBrowserDontStealFocus
chromium.fyi_Out of Process Profiling Linux_3452,ExtensionCrashRecoveryTest.ReloadIndependentlyNavigatePage
chromium.fyi_Out of Process Profiling Linux_3453,ExtensionCrashRecoveryTest.ReloadIndependentlyNavigatePage
chromium.fyi_Out of Process Profiling Linux_3455,TabDragging/DetachToBrowserTabDragControllerTest.DragToSeparateWindow/0
chromium.fyi_Out of Process Profiling Linux_3456,BrowserFocusTest.BackgroundBrowserDontStealFocus
chromium.fyi_Out of Process Profiling Linux_3459,TabDragging/DetachToBrowserTabDragControllerTest.DragToSeparateWindow/0
chromium.fyi_Out of Process Profiling Linux_3460,ExtensionCrashRecoveryTest.TwoExtensionsCrashFirst
chromium.fyi_Out of Process Profiling Linux_3462,TabDragging/DetachToBrowserTabDragControllerTest.DragToSeparateWindow/0
chromium.fyi_Out of Process Profiling Linux_3462,BrowserFocusTest.BackgroundBrowserDontStealFocus
chromium.fyi_Out of Process Profiling Linux_3463,TabDragging/DetachToBrowserTabDragControllerTest.DragToSeparateWindow/0
chromium.fyi_Out of Process Profiling Linux_3464,ExtensionCrashRecoveryTest.TwoExtensionsReloadIndependently
chromium.fyi_Out of Process Profiling Linux_3465,TabDragging/DetachToBrowserTabDragControllerTest.DragToSeparateWindow/0
chromium.fyi_Out of Process Profiling Linux_3466,ExtensionCrashRecoveryTest.CrashAndUninstall
chromium.fyi_Out of Process Profiling Linux_3467,BrowserFocusTest.BackgroundBrowserDontStealFocus
chromium.fyi_Out of Process Profiling Linux_3467,WidgetTestInteractive.RestoreAfterMinimize
chromium.fyi_Out of Process Profiling Linux_3469,WidgetTestInteractive.RestoreAfterMinimize
chromium.fyi_Out of Process Profiling Linux_3469,BrowserFocusTest.BackgroundBrowserDontStealFocus
chromium.fyi_Out of Process Profiling Linux_3470,BrowserFocusTest.BackgroundBrowserDontStealFocus
chromium.fyi_Out of Process Profiling Linux_3471,TabDragging/DetachToBrowserTabDragControllerTest.DragToSeparateWindow/0
chromium.fyi_Out of Process Profiling Linux_3471,MouseLeaveTest.ModalDialog
chromium.fyi_Out of Process Profiling Linux_3472,ExtensionCrashRecoveryTest.ReloadTabsWithBackgroundPage
chromium.fyi_Out of Process Profiling Linux_3472,BrowserFocusTest.BackgroundBrowserDontStealFocus
chromium.fyi_Out of Process Profiling Linux_3474,BrowserFocusTest.BackgroundBrowserDontStealFocus
chromium.fyi_Out of Process Profiling Linux_3476,MouseLeaveTest.ModalDialog
chromium.fyi_Out of Process Profiling Linux_3477,BrowserFocusTest.FocusOnNavigate
chromium.fyi_Out of Process Profiling Linux_3478,WidgetTestInteractive.RestoreAfterMinimize
chromium.fyi_Out of Process Profiling Linux_3479,WidgetTestInteractive.RestoreAfterMinimize
chromium.fyi_Out of Process Profiling Linux_3481,MouseLeaveTest.ModalDialog
chromium.fyi_Out of Process Profiling Linux_3481,ExtensionCrashRecoveryTest.CrashAndUnloadAll
chromium.fyi_Out of Process Profiling Linux_3486,BrowserFocusTest.BackgroundBrowserDontStealFocus
chromium.fyi_Out of Process Profiling Linux_3486,ExtensionCrashRecoveryTest.TwoExtensionsShutdownWhileCrashed
chromium.fyi_Out of Process Profiling Linux_3487,X11TopmostWindowFinderTest.Menu
chromium.fyi_Out of Process Profiling Linux_3487,ExtensionCrashRecoveryTest.CrashAndUnloadAll
chromium.fyi_Out of Process Profiling Linux_3489,BrowserFocusTest.BackgroundBrowserDontStealFocus
chromium.fyi_Out of Process Profiling Linux_3489,ExtensionCrashRecoveryTest.ReloadTabsWithBackgroundPage
chromium.fyi_Out of Process Profiling Linux_3490,BrowserFocusTest.FocusOnNavigate
chromium.fyi_Out of Process Profiling Linux_3490,BrowserFocusTest.BackgroundBrowserDontStealFocus
chromium.fyi_Out of Process Profiling Linux_3491,BrowserFocusTest.BackgroundBrowserDontStealFocus
chromium.fyi_Out of Process Profiling Linux_3493,BrowserFocusTest.BackgroundBrowserDontStealFocus
chromium.fyi_Out of Process Profiling Linux_3494,ExtensionCrashRecoveryTest.CrashAndUninstall
chromium.fyi_Out of Process Profiling Linux_3494,WidgetTestInteractive.RestoreAfterMinimize
chromium.fyi_Out of Process Profiling Linux_3495,MouseLeaveTest.ModalDialog
chromium.fyi_Out of Process Profiling Linux_3496,BrowserFocusTest.BackgroundBrowserDontStealFocus
chromium.fyi_Out of Process Profiling Linux_3496,GlobalCommandsApiTest.GlobalCommand
chromium.fyi_Out of Process Profiling Linux_3497,BrowserFocusTest.BackgroundBrowserDontStealFocus
chromium.fyi_Out of Process Profiling Linux_3498,TabDragging/DetachToBrowserTabDragControllerTest.DragToSeparateWindow/0
chromium.fyi_Out of Process Profiling Linux_3499,X11TopmostWindowFinderTest.Menu
chromium.fyi_Out of Process Profiling Linux_3500,TabDragging/DetachToBrowserTabDragControllerTest.DragToSeparateWindow/0
chromium.fyi_Out of Process Profiling Linux_3502,ExtensionCrashRecoveryTest.TwoExtensionsCrashSecond
chromium.fyi_Out of Process Profiling Linux_3503,ExtensionCrashRecoveryTest.TwoExtensionsCrashFirst
chromium.fyi_Out of Process Profiling Linux_3504,WidgetTestInteractive.RestoreAfterMinimize
chromium.fyi_Out of Process Profiling Linux_3505,TabDragging/DetachToBrowserTabDragControllerTest.DragToSeparateWindow/0
chromium.fyi_Out of Process Profiling Linux_3505,BrowserFocusTest.BackgroundBrowserDontStealFocus
chromium.fyi_Out of Process Profiling Linux_3506,TabDragging/DetachToBrowserTabDragControllerTest.DragToSeparateWindow/0
chromium.fyi_Out of Process Profiling Linux_3506,MouseLeaveTest.ModalDialog
chromium.fyi_Out of Process Profiling Linux_3507,BrowserFocusTest.BackgroundBrowserDontStealFocus
chromium.fyi_Out of Process Profiling Linux_3507,TabDragging/DetachToBrowserTabDragControllerTest.DragToSeparateWindow/0
chromium.fyi_Out of Process Profiling Linux_3509,WidgetTestInteractive.RestoreAfterMinimize
chromium.fyi_Out of Process Profiling Linux_3510,ExtensionCrashRecoveryTest.ReloadTabsWithBackgroundPage
chromium.fyi_Out of Process Profiling Linux_3512,TabDragging/DetachToBrowserTabDragControllerTest.DragToSeparateWindow/0
chromium.fyi_Out of Process Profiling Linux_3512,BrowserFocusTest.BackgroundBrowserDontStealFocus
chromium.fyi_Out of Process Profiling Linux_3513,WidgetTestInteractive.RestoreAfterMinimize
chromium.fyi_Out of Process Profiling Linux_3513,ExtensionCrashRecoveryTest.CrashAndUnloadAll
chromium.fyi_Out of Process Profiling Linux_3514,ExtensionCrashRecoveryTest.ReloadIndependentlyChangeTabs
chromium.fyi_Out of Process Profiling Linux_3516,BrowserFocusTest.BackgroundBrowserDontStealFocus
chromium.fyi_Out of Process Profiling Linux_3520,ExtensionCrashRecoveryTest.TwoExtensionsCrashFirst
chromium.fyi_Out of Process Profiling Linux_3522,BrowserFocusTest.BackgroundBrowserDontStealFocus
chromium.fyi_Out of Process Profiling Linux_3523,WidgetTestInteractive.RestoreAfterMinimize
chromium.fyi_Out of Process Profiling Linux_3525,BrowserFocusTest.BackgroundBrowserDontStealFocus
chromium.fyi_Out of Process Profiling Linux_3525,TabDragging/DetachToBrowserTabDragControllerTest.DragToSeparateWindow/0
chromium.fyi_Out of Process Profiling Linux_3527,WidgetTestInteractive.RestoreAfterMinimize
chromium.fyi_Out of Process Profiling Linux_3528,WidgetTestInteractive.RestoreAfterMinimize
chromium.fyi_Out of Process Profiling Linux_3529,ExtensionCrashRecoveryTest.ReloadIndependently
chromium.fyi_Out of Process Profiling Linux_3531,BrowserFocusTest.BackgroundBrowserDontStealFocus
chromium.fyi_Out of Process Profiling Linux_3536,MouseLeaveTest.ModalDialog
chromium.fyi_Out of Process Profiling Linux_3537,GlobalCommandsApiTest.GlobalCommand
chromium.fyi_Out of Process Profiling Linux_3544,WidgetTestInteractive.RestoreAfterMinimize
chromium.fyi_Out of Process Profiling Linux_3548,ExtensionCrashRecoveryTest.TwoExtensionsCrashSecond
chromium.fyi_Out of Process Profiling Linux_3549,BrowserFocusTest.BackgroundBrowserDontStealFocus
chromium.fyi_Out of Process Profiling Linux_3549,ExtensionCrashRecoveryTest.ShutdownWhileCrashed
chromium.fyi_Out of Process Profiling Linux_3550,ExtensionCrashRecoveryTest.ReloadIndependentlyChangeTabs
chromium.fyi_Out of Process Profiling Linux_3550,WidgetTestInteractive.RestoreAfterMinimize
chromium.fyi_Out of Process Profiling Linux_3551,TabDragging/DetachToBrowserTabDragControllerTest.DragToSeparateWindow/0
chromium.fyi_Out of Process Profiling Linux_3551,BrowserFocusTest.BackgroundBrowserDontStealFocus
chromium.fyi_Out of Process Profiling Linux_3554,BrowserFocusTest.BackgroundBrowserDontStealFocus
chromium.fyi_Out of Process Profiling Linux_3556,WebViewInteractiveTests/WebViewInteractiveTest.KeyboardFocusWindowCycle/0
chromium.fyi_Out of Process Profiling Linux_3557,TabDragging/DetachToBrowserTabDragControllerTest.DragToSeparateWindow/0
chromium.fyi_Out of Process Profiling Linux_3558,TabDragging/DetachToBrowserTabDragControllerTest.DragToSeparateWindow/0
chromium.fyi_Out of Process Profiling Linux_3559,BrowserFocusTest.BackgroundBrowserDontStealFocus
chromium.fyi_Out of Process Profiling Linux_3560,BrowserFocusTest.BackgroundBrowserDontStealFocus
chromium.fyi_Out of Process Profiling Linux_3563,ExtensionCrashRecoveryTest.TwoExtensionsCrashBothAtOnce
chromium.fyi_Out of Process Profiling Linux_3567,BrowserFocusTest.BackgroundBrowserDontStealFocus
chromium.fyi_Out of Process Profiling Linux_3568,WidgetTestInteractive.RestoreAfterMinimize
chromium.fyi_Out of Process Profiling Linux_3569,BrowserFocusTest.BackgroundBrowserDontStealFocus
chromium.fyi_Out of Process Profiling Linux_3569,TabDragging/DetachToBrowserTabDragControllerTest.DragToSeparateWindow/0
chromium.fyi_Out of Process Profiling Linux_3570,CrossSiteSubframe/DragAndDropBrowserTest.DragImageFromDisappearingFrame/0
chromium.fyi_Out of Process Profiling Linux_3571,BrowserFocusTest.BackgroundBrowserDontStealFocus
chromium.fyi_Out of Process Profiling Linux_3572,WidgetTestInteractive.RestoreAfterMinimize
chromium.fyi_Out of Process Profiling Linux_3572,BrowserFocusTest.BackgroundBrowserDontStealFocus
chromium.fyi_Out of Process Profiling Linux_3573,TabDragging/DetachToBrowserTabDragControllerTest.DragToSeparateWindow/0
chromium.fyi_Out of Process Profiling Linux_3576,BrowserFocusTest.BackgroundBrowserDontStealFocus
chromium.fyi_Out of Process Profiling Linux_3581,BrowserFocusTest.BackgroundBrowserDontStealFocus
chromium.fyi_Out of Process Profiling Linux_3582,BrowserFocusTest.BackgroundBrowserDontStealFocus
chromium.fyi_Out of Process Profiling Linux_3583,BrowserFocusTest.BackgroundBrowserDontStealFocus
chromium.fyi_Out of Process Profiling Linux_3584,TabDragging/DetachToBrowserTabDragControllerTest.DragToSeparateWindow/0
chromium.fyi_Out of Process Profiling Linux_3587,TabDragging/DetachToBrowserTabDragControllerTest.DragToSeparateWindow/0
chromium.fyi_Out of Process Profiling Linux_3589,ExtensionCrashRecoveryTest.TwoExtensionsCrashSecond
chromium.fyi_Out of Process Profiling Linux_3589,SitePerProcessInteractiveBrowserTest.TabAndMouseFocusNavigation
chromium.fyi_Out of Process Profiling Linux_3594,ExtensionCrashRecoveryTest.TwoExtensionsOneByOne
chromium.fyi_Out of Process Profiling Linux_3596,ExtensionCrashRecoveryTest.ReloadIndependently
chromium.fyi_Out of Process Profiling Mac_1757,WebViewInteractiveTests/WebViewInteractiveTest.TextSelection/0
chromium.fyi_Site Isolation Win_21839,WebViewInteractiveTests/WebViewFocusInteractiveTest.Focus_FocusTracksEmbedder/0
chromium.fyi_Site Isolation Win_21875,WebViewInteractiveTests/WebViewFocusInteractiveTest.Focus_FocusTracksEmbedder/1
chromium.fyi_Win 10 Fast Ring_5361,LocalNTPUITest.FakeboxRedirectsToOmnibox
chromium.linux_Linux Tests (dbg)(1)(32)_46722,WidgetTestInteractive.RestoreAfterMinimize
chromium.linux_Linux Tests (dbg)(1)(32)_46796,WidgetTestInteractive.RestoreAfterMinimize
chromium.linux_Linux Tests (dbg)(1)(32)_46802,BrowserFocusTest.FocusOnNavigate
chromium.linux_Linux Tests (dbg)(1)_68992,WidgetTestInteractive.RestoreAfterMinimize
chromium.linux_Linux Tests (dbg)(1)_68996,WidgetTestInteractive.RestoreAfterMinimize
chromium.linux_Linux Tests (dbg)(1)_69032,SitePerProcessInteractiveBrowserTest.TabAndMouseFocusNavigation
chromium.linux_Linux Tests (dbg)(1)_69037,SitePerProcessInteractiveBrowserTest.TabAndMouseFocusNavigation
chromium.linux_Linux Tests (dbg)(1)_69040,WidgetTestInteractive.RestoreAfterMinimize
chromium.linux_Linux Tests (dbg)(1)_69071,SitePerProcessInteractiveBrowserTest.TabAndMouseFocusNavigation
chromium.linux_Linux Tests (dbg)(1)_69075,WidgetTestInteractive.RestoreAfterMinimize
chromium.linux_Linux Tests (dbg)(1)_69076,SitePerProcessInteractiveBrowserTest.TabAndMouseFocusNavigation
chromium.linux_Linux Tests (dbg)(1)_69087,WebViewInteractiveTests/WebViewNewWindowInteractiveTest.NewWindow_OpenerDestroyedWhileUnattached/0
chromium.linux_Linux Tests (dbg)(1)_69088,SitePerProcessInteractiveBrowserTest.TabAndMouseFocusNavigation
chromium.linux_Linux Tests (dbg)(1)_69107,WebViewInteractiveTests/WebViewInteractiveTest.KeyboardFocusSimple/0
chromium.linux_Linux Tests (dbg)(1)_69117,WidgetTestInteractive.RestoreAfterMinimize
chromium.linux_Linux Tests (dbg)(1)_69119,ExtensionCrashRecoveryTest.TwoExtensionsReloadIndependently
chromium.linux_Linux Tests (dbg)(1)_69123,SitePerProcessInteractiveBrowserTest.TabAndMouseFocusNavigation
chromium.linux_Linux Tests (dbg)(1)_69137,SitePerProcessInteractiveBrowserTest.TabAndMouseFocusNavigation
chromium.linux_Linux Tests (dbg)(1)_69141,MenuControllerMnemonicTestTitleMatch.TitleMatch
chromium.linux_Linux Tests (dbg)(1)_69142,MenuControllerMnemonicTestMnemonicMatch.MnemonicMatch
chromium.linux_Linux Tests (dbg)(1)_69149,MenuControllerMnemonicTestTitleMatch.TitleMatch
chromium.linux_Linux Tests (dbg)(1)_69156,SitePerProcessInteractiveBrowserTest.TabAndMouseFocusNavigation
chromium.linux_Linux Tests_65652,TabDragging/DetachToBrowserTabDragControllerTest.DragToSeparateWindow/0
chromium.linux_Linux Tests_65652,BrowserFocusTest.BackgroundBrowserDontStealFocus
chromium.linux_Linux Tests_65654,ExtensionCrashRecoveryTest.TwoExtensionsShutdownWhileCrashed
chromium.linux_Linux Tests_65654,BrowserFocusTest.BackgroundBrowserDontStealFocus
chromium.linux_Linux Tests_65655,WidgetTestInteractive.RestoreAfterMinimize
chromium.linux_Linux Tests_65656,ExtensionCrashRecoveryTest.ReloadIndependently
chromium.linux_Linux Tests_65657,TabDragging/DetachToBrowserTabDragControllerTest.DragToSeparateWindow/0
chromium.linux_Linux Tests_65658,MouseLeaveTest.ModalDialog
chromium.linux_Linux Tests_65658,WidgetTestInteractive.RestoreAfterMinimize
chromium.linux_Linux Tests_65659,ExtensionCrashRecoveryTest.Basic
chromium.linux_Linux Tests_65659,ExtensionCrashRecoveryTest.ReloadIndependently
chromium.linux_Linux Tests_65660,TabDragging/DetachToBrowserTabDragControllerTest.DragToSeparateWindow/0
chromium.linux_Linux Tests_65660,MouseLeaveTest.ModalDialog
chromium.linux_Linux Tests_65665,BrowserFocusTest.BackgroundBrowserDontStealFocus
chromium.linux_Linux Tests_65666,ExtensionCrashRecoveryTest.ReloadTabsWithBackgroundPage
chromium.linux_Linux Tests_65667,BrowserFocusTest.BackgroundBrowserDontStealFocus
chromium.linux_Linux Tests_65668,TabDragging/DetachToBrowserTabDragControllerTest.DragToSeparateWindow/0
chromium.linux_Linux Tests_65670,TabDragging/DetachToBrowserTabDragControllerTest.DragToSeparateWindow/0
chromium.linux_Linux Tests_65670,X11TopmostWindowFinderTest.NonRectangularNullShape
chromium.linux_Linux Tests_65671,MouseLeaveTest.ModalDialog
chromium.linux_Linux Tests_65671,BrowserFocusTest.BackgroundBrowserDontStealFocus
chromium.linux_Linux Tests_65675,BrowserFocusTest.BackgroundBrowserDontStealFocus
chromium.linux_Linux Tests_65676,BrowserFocusTest.BackgroundBrowserDontStealFocus
chromium.linux_Linux Tests_65678,BrowserFocusTest.BackgroundBrowserDontStealFocus
chromium.linux_Linux Tests_65678,TabDragging/DetachToBrowserTabDragControllerTest.DragToSeparateWindow/0
chromium.linux_Linux Tests_65683,MouseLeaveTest.ModalDialog
chromium.linux_Linux Tests_65685,BrowserFocusTest.BackgroundBrowserDontStealFocus
chromium.linux_Linux Tests_65689,TabDragging/DetachToBrowserTabDragControllerTest.DragToSeparateWindow/0
chromium.linux_Linux Tests_65689,NotificationsApiTest.TestUserGesture
chromium.linux_Linux Tests_65690,WidgetTestInteractive.RestoreAfterMinimize
chromium.linux_Linux Tests_65692,BrowserFocusTest.BackgroundBrowserDontStealFocus
chromium.linux_Linux Tests_65699,MouseLeaveTest.ModalDialog
chromium.linux_Linux Tests_65699,BrowserFocusTest.FocusOnNavigate
chromium.linux_Linux Tests_65701,BrowserFocusTest.BackgroundBrowserDontStealFocus
chromium.linux_Linux Tests_65705,TabDragging/DetachToBrowserTabDragControllerTest.DragToSeparateWindow/0
chromium.linux_Linux Tests_65706,WidgetTestInteractive.RestoreAfterMinimize
chromium.linux_Linux Tests_65706,MouseLeaveTest.ModalDialog
chromium.linux_Linux Tests_65709,WidgetTestInteractive.RestoreAfterMinimize
chromium.linux_Linux Tests_65711,BrowserFocusTest.BackgroundBrowserDontStealFocus
chromium.linux_Linux Tests_65713,TabDragging/DetachToBrowserTabDragControllerTest.DragToSeparateWindow/0
chromium.linux_Linux Tests_65716,TabDragging/DetachToBrowserTabDragControllerTest.DragToSeparateWindow/0
chromium.linux_Linux Tests_65718,TabDragging/DetachToBrowserTabDragControllerTest.DragToSeparateWindow/0
chromium.linux_Linux Tests_65718,BrowserFocusTest.BackgroundBrowserDontStealFocus
chromium.linux_Linux Tests_65719,BrowserFocusTest.BackgroundBrowserDontStealFocus
chromium.linux_Linux Tests_65722,BrowserFocusTest.BackgroundBrowserDontStealFocus
chromium.linux_Linux Tests_65722,TabDragging/DetachToBrowserTabDragControllerTest.DragToSeparateWindow/0
chromium.linux_Linux Tests_65723,WidgetTestInteractive.RestoreAfterMinimize
chromium.linux_Linux Tests_65723,MouseLeaveTest.ModalDialog
chromium.linux_Linux Tests_65724,BrowserFocusTest.BackgroundBrowserDontStealFocus
chromium.linux_Linux Tests_65724,MouseLeaveTest.ModalDialog
chromium.linux_Linux Tests_65730,ExtensionCrashRecoveryTest.ReloadIndependentlyNavigatePage
chromium.linux_Linux Tests_65731,ExtensionCrashRecoveryTest.ReloadIndependentlyChangeTabs
chromium.linux_Linux Tests_65731,TabDragging/DetachToBrowserTabDragControllerTest.DragToSeparateWindow/0
chromium.linux_Linux Tests_65732,WidgetTestInteractive.RestoreAfterMinimize
chromium.linux_Linux Tests_65734,BrowserFocusTest.BackgroundBrowserDontStealFocus
chromium.linux_Linux Tests_65735,BrowserFocusTest.BackgroundBrowserDontStealFocus
chromium.linux_Linux Tests_65740,TabDragging/DetachToBrowserTabDragControllerTest.DragToSeparateWindow/0
chromium.linux_Linux Tests_65741,WidgetTestInteractive.RestoreAfterMinimize
chromium.linux_Linux Tests_65742,ExtensionCrashRecoveryTest.ReloadIndependentlyNavigatePage
chromium.linux_Linux Tests_65742,WidgetTestInteractive.RestoreAfterMinimize
chromium.linux_Linux Tests_65742,MouseLeaveTest.ModalDialog
chromium.linux_Linux Tests_65743,BrowserFocusTest.BackgroundBrowserDontStealFocus
chromium.linux_Linux Tests_65744,BrowserFocusTest.BackgroundBrowserDontStealFocus
chromium.linux_Linux Tests_65744,ExtensionCrashRecoveryTest.ReloadIndependentlyChangeTabs
chromium.linux_Linux Tests_65747,BrowserFocusTest.BackgroundBrowserDontStealFocus
chromium.linux_Linux Tests_65750,TabDragging/DetachToBrowserTabDragControllerTest.DragToSeparateWindow/0
chromium.linux_Linux Tests_65752,TabDragging/DetachToBrowserTabDragControllerTest.DragToSeparateWindow/0
chromium.linux_Linux Tests_65753,BrowserFocusTest.BackgroundBrowserDontStealFocus
chromium.linux_Linux Tests_65754,BrowserFocusTest.BackgroundBrowserDontStealFocus
chromium.linux_Linux Tests_65756,TabDragging/DetachToBrowserTabDragControllerTest.DragToSeparateWindow/0
chromium.linux_Linux Tests_65757,BrowserFocusTest.BackgroundBrowserDontStealFocus
chromium.linux_Linux Tests_65758,BrowserFocusTest.BackgroundBrowserDontStealFocus
chromium.linux_Linux Tests_65760,TabDragging/DetachToBrowserTabDragControllerTest.DragToSeparateWindow/0
chromium.linux_Linux Tests_65761,ExtensionCrashRecoveryTest.CrashAndUnloadAll
chromium.linux_Linux Tests_65764,BrowserFocusTest.BackgroundBrowserDontStealFocus
chromium.linux_Linux Tests_65768,WidgetTestInteractive.RestoreAfterMinimize
chromium.linux_Linux Tests_65769,WidgetTestInteractive.RestoreAfterMinimize
chromium.linux_Linux Tests_65772,BrowserFocusTest.BackgroundBrowserDontStealFocus
chromium.linux_Linux Tests_65773,BrowserFocusTest.BackgroundBrowserDontStealFocus
chromium.linux_Linux Tests_65775,BrowserFocusTest.BackgroundBrowserDontStealFocus
chromium.linux_Linux Tests_65776,BrowserFocusTest.BackgroundBrowserDontStealFocus
chromium.linux_Linux Tests_65778,BrowserFocusTest.BackgroundBrowserDontStealFocus
chromium.linux_Linux Tests_65781,TabDragging/DetachToBrowserTabDragControllerTest.DragToSeparateWindow/0
chromium.linux_Linux Tests_65782,ExtensionCrashRecoveryTest.CrashAndUnloadAll
chromium.linux_Linux Tests_65783,MouseLeaveTest.ModalDialog
chromium.linux_Linux Tests_65786,BrowserFocusTest.BackgroundBrowserDontStealFocus
chromium.linux_Linux Tests_65786,ExtensionCrashRecoveryTest.CrashAndUninstall
chromium.linux_Linux Tests_65786,WidgetTestInteractive.RestoreAfterMinimize
chromium.linux_Linux Tests_65787,BrowserFocusTest.BackgroundBrowserDontStealFocus
chromium.linux_Linux Tests_65787,WidgetTestInteractive.RestoreAfterMinimize
chromium.linux_Linux Tests_65788,BrowserFocusTest.BackgroundBrowserDontStealFocus
chromium.linux_Linux Tests_65788,ExtensionCrashRecoveryTest.TwoExtensionsShutdownWhileCrashed
chromium.linux_Linux Tests_65790,WidgetTestInteractive.RestoreAfterMinimize
chromium.linux_Linux Tests_65792,BrowserFocusTest.BackgroundBrowserDontStealFocus
chromium.linux_Linux Tests_65793,BrowserFocusTest.BackgroundBrowserDontStealFocus
chromium.linux_Linux Tests_65795,TabDragging/DetachToBrowserTabDragControllerTest.DragToSeparateWindow/0
chromium.linux_Linux Tests_65796,MouseLeaveTest.ModalDialog
chromium.linux_Linux Tests_65797,BrowserFocusTest.BackgroundBrowserDontStealFocus
chromium.linux_Linux Tests_65799,MouseLeaveTest.ModalDialog
chromium.linux_Linux Tests_65801,MouseLeaveTest.ModalDialog
chromium.linux_Linux Tests_65802,BrowserFocusTest.BackgroundBrowserDontStealFocus
chromium.linux_Linux Tests_65803,BrowserFocusTest.BackgroundBrowserDontStealFocus
chromium.linux_Linux Tests_65804,WidgetTestInteractive.RestoreAfterMinimize
chromium.linux_Linux Tests_65804,ExtensionCrashRecoveryTest.ReloadIndependentlyChangeTabs
chromium.linux_Linux Tests_65804,TabDragging/DetachToBrowserTabDragControllerTest.DragToSeparateWindow/0
chromium.linux_Linux Tests_65805,BrowserFocusTest.BackgroundBrowserDontStealFocus
chromium.linux_Linux Tests_65806,TabDragging/DetachToBrowserTabDragControllerTest.DragToSeparateWindow/0
chromium.linux_Linux Tests_65807,WebViewInteractiveTests/WebViewInteractiveTest.KeyboardFocusWindowCycle/0
chromium.linux_Linux Tests_65807,BrowserFocusTest.FocusOnNavigate
chromium.linux_Linux Tests_65807,BrowserFocusTest.BackgroundBrowserDontStealFocus
chromium.linux_Linux Tests_65807,TabDragging/DetachToBrowserTabDragControllerTest.DragToSeparateWindow/0
chromium.linux_Linux Tests_65813,TabDragging/DetachToBrowserTabDragControllerTest.DragToSeparateWindow/0
chromium.linux_Linux Tests_65815,TabDragging/DetachToBrowserTabDragControllerTest.DragToSeparateWindow/0
chromium.linux_Linux Tests_65817,TabDragging/DetachToBrowserTabDragControllerTest.DragToSeparateWindow/0
chromium.linux_Linux Tests_65817,MouseLeaveTest.ModalDialog
chromium.linux_Linux Tests_65818,BrowserFocusTest.BackgroundBrowserDontStealFocus
chromium.linux_Linux Tests_65819,ExtensionCrashRecoveryTest.TwoExtensionsReloadIndependently
chromium.linux_Linux Tests_65820,TabDragging/DetachToBrowserTabDragControllerTest.DragToSeparateWindow/0
chromium.linux_Linux Tests_65821,ExtensionCrashRecoveryTest.TwoExtensionsReloadIndependently
chromium.linux_Linux Tests_65821,BrowserFocusTest.BackgroundBrowserDontStealFocus
chromium.linux_Linux Tests_65823,BrowserFocusTest.BackgroundBrowserDontStealFocus
chromium.linux_Linux Tests_65823,TabDragging/DetachToBrowserTabDragControllerTest.DragToSeparateWindow/0
chromium.linux_Linux Tests_65824,BrowserFocusTest.BackgroundBrowserDontStealFocus
chromium.linux_Linux Tests_65825,WidgetTestInteractive.RestoreAfterMinimize
chromium.linux_Linux Tests_65825,TabDragging/DetachToBrowserTabDragControllerTest.DragToSeparateWindow/0
chromium.linux_Linux Tests_65826,BrowserFocusTest.BackgroundBrowserDontStealFocus
chromium.linux_Linux Tests_65827,BrowserFocusTest.BackgroundBrowserDontStealFocus
chromium.linux_Linux Tests_65828,WidgetTestInteractive.RestoreAfterMinimize
chromium.linux_Linux Tests_65830,BrowserFocusTest.BackgroundBrowserDontStealFocus
chromium.linux_Linux Tests_65834,BrowserFocusTest.BackgroundBrowserDontStealFocus
chromium.linux_Linux Tests_65834,X11TopmostWindowFinderTest.NonRectangularNullShape
chromium.linux_Linux Tests_65834,ExtensionCrashRecoveryTest.ReloadIndependentlyNavigatePage
chromium.linux_Linux Tests_65838,BrowserFocusTest.BackgroundBrowserDontStealFocus
chromium.linux_Linux Tests_65840,BrowserFocusTest.FocusOnNavigate
chromium.linux_Linux Tests_65841,TabDragging/DetachToBrowserTabDragControllerTest.DragToSeparateWindow/0
chromium.linux_Linux Tests_65845,MouseLeaveTest.ModalDialog
chromium.linux_Linux Tests_65845,BrowserFocusTest.BackgroundBrowserDontStealFocus
chromium.linux_Linux Tests_65846,MouseLeaveTest.ModalDialog
chromium.linux_Linux Tests_65852,BrowserFocusTest.BackgroundBrowserDontStealFocus
chromium.linux_Linux Tests_65852,TabDragging/DetachToBrowserTabDragControllerTest.DragToSeparateWindow/0
chromium.linux_Linux Tests_65853,BrowserFocusTest.BackgroundBrowserDontStealFocus
chromium.linux_Linux Tests_65854,ExtensionCrashRecoveryTest.TwoExtensionsShutdownWhileCrashed
chromium.linux_Linux Tests_65854,BrowserFocusTest.BackgroundBrowserDontStealFocus
chromium.linux_Linux Tests_65855,ExtensionCrashRecoveryTest.ReloadTabsWithBackgroundPage
chromium.linux_Linux Tests_65857,ExtensionCrashRecoveryTest.ShutdownWhileCrashed
chromium.linux_Linux Tests_65858,TabDragging/DetachToBrowserTabDragControllerTest.DragToSeparateWindow/0
chromium.linux_Linux Tests_65861,ExtensionCrashRecoveryTest.TwoExtensionsOneByOne
chromium.linux_Linux Tests_65865,BrowserFocusTest.BackgroundBrowserDontStealFocus
chromium.linux_Linux Tests_65865,TabDragging/DetachToBrowserTabDragControllerTest.DragToSeparateWindow/0
chromium.linux_Linux Tests_65866,ExtensionCrashRecoveryTest.TwoExtensionsOneByOne
chromium.linux_Linux Tests_65867,MouseLeaveTest.ModalDialog
chromium.linux_Linux Tests_65867,TabDragging/DetachToBrowserTabDragControllerTest.DragToSeparateWindow/0
chromium.linux_Linux Tests_65870,BrowserFocusTest.BackgroundBrowserDontStealFocus
chromium.linux_Linux Tests_65874,SitePerProcessInteractiveBrowserTest.TabAndMouseFocusNavigation
chromium.linux_Linux Tests_65875,MouseLeaveTest.ModalDialog
chromium.linux_Linux Tests_65876,BrowserFocusTest.BackgroundBrowserDontStealFocus
chromium.linux_Linux Tests_65876,ExtensionCrashRecoveryTest.TwoExtensionsReloadIndependently
chromium.linux_Linux Tests_65877,BrowserFocusTest.BackgroundBrowserDontStealFocus
chromium.linux_Linux Tests_65878,BrowserFocusTest.BackgroundBrowserDontStealFocus
chromium.linux_Linux Tests_65881,WidgetTestInteractive.RestoreAfterMinimize
chromium.linux_Linux Tests_65882,TabDragging/DetachToBrowserTabDragControllerTest.DragToSeparateWindow/0
chromium.linux_Linux Tests_65883,TabDragging/DetachToBrowserTabDragControllerTest.DragToSeparateWindow/0
chromium.linux_Linux Tests_65884,TabDragging/DetachToBrowserTabDragControllerTest.DragToSeparateWindow/0
chromium.mac_Mac10.9 Tests (dbg)_48204,WebViewInteractiveTests/WebViewInteractiveTest.TextSelection/1
chromium.mac_Mac10.9 Tests (dbg)_48204,WebViewInteractiveTests/WebViewInteractiveTest.TextSelection/0
chromium.mac_Mac10.9 Tests (dbg)_48225,WebViewInteractiveTests/WebViewInteractiveTest.TextSelection/1
chromium.mac_Mac10.9 Tests (dbg)_48232,WebViewInteractiveTests/WebViewInteractiveTest.TextSelection/1
chromium.mac_Mac10.9 Tests (dbg)_48235,OmniboxViewTest.DesiredTLDWithTemporaryText
chromium.mac_Mac10.9 Tests (dbg)_48253,WebViewInteractiveTests/WebViewInteractiveTest.TextSelection/0
chromium.mac_Mac10.9 Tests (dbg)_48254,WebViewInteractiveTests/WebViewInteractiveTest.TextSelection/1
chromium.mac_Mac10.9 Tests (dbg)_48270,WebViewInteractiveTests/WebViewInteractiveTest.TextSelection/1
chromium.mac_Mac10.9 Tests (dbg)_48272,WebViewInteractiveTests/WebViewInteractiveTest.TextSelection/1
chromium.mac_Mac10.9 Tests (dbg)_48273,WebViewInteractiveTests/WebViewInteractiveTest.TextSelection/0
chromium.mac_Mac10.9 Tests (dbg)_48275,WebViewInteractiveTests/WebViewInteractiveTest.TextSelection/0
chromium.mac_Mac10.9 Tests (dbg)_48276,WebViewInteractiveTests/WebViewInteractiveTest.TextSelection/1
chromium.mac_Mac10.9 Tests (dbg)_48289,WebViewInteractiveTests/WebViewInteractiveTest.TextSelection/0
chromium.mac_Mac10.9 Tests (dbg)_48290,WebViewInteractiveTests/WebViewInteractiveTest.TextSelection/0
chromium.mac_Mac10.9 Tests (dbg)_48311,WebViewInteractiveTests/WebViewInteractiveTest.TextSelection/0
chromium.mac_Mac10.9 Tests (dbg)_48311,WebViewInteractiveTests/WebViewInteractiveTest.TextSelection/1
chromium.mac_Mac10.9 Tests (dbg)_48319,WebViewInteractiveTests/WebViewInteractiveTest.TextSelection/0
chromium.mac_Mac10.9 Tests (dbg)_48320,WebViewInteractiveTests/WebViewInteractiveTest.TextSelection/0
chromium.mac_Mac10.9 Tests (dbg)_48322,WebViewInteractiveTests/WebViewInteractiveTest.TextSelection/1
chromium.mac_Mac10.9 Tests (dbg)_48323,WebViewInteractiveTests/WebViewInteractiveTest.TextSelection/1
chromium.mac_Mac10.9 Tests (dbg)_48327,WebViewInteractiveTests/WebViewInteractiveTest.TextSelection/0
chromium.mac_Mac10.9 Tests (dbg)_48333,WebViewInteractiveTests/WebViewInteractiveTest.TextSelection/1
chromium.mac_Mac10.9 Tests (dbg)_48333,WebViewInteractiveTests/WebViewInteractiveTest.TextSelection/0
chromium.mac_Mac10.9 Tests (dbg)_48334,WebViewInteractiveTests/WebViewInteractiveTest.TextSelection/1
chromium.mac_Mac10.9 Tests (dbg)_48347,WebViewInteractiveTests/WebViewInteractiveTest.TextSelection/0
chromium.mac_Mac10.9 Tests (dbg)_48356,WebViewInteractiveTests/WebViewInteractiveTest.TextSelection/0
chromium.mac_Mac10.9 Tests (dbg)_48361,WebViewInteractiveTests/WebViewInteractiveTest.TextSelection/0
chromium.mac_Mac10.9 Tests (dbg)_48362,WebViewInteractiveTests/WebViewInteractiveTest.TextSelection/0
chromium.mac_Mac10.9 Tests (dbg)_48363,WebViewInteractiveTests/WebViewInteractiveTest.TextSelection/0
chromium.mac_Mac10.9 Tests (dbg)_48364,WebViewInteractiveTests/WebViewInteractiveTest.TextSelection/0
chromium.mac_Mac10.9 Tests (dbg)_48365,WebViewInteractiveTests/WebViewInteractiveTest.TextSelection/1
chromium.mac_Mac10.9 Tests (dbg)_48370,WebViewInteractiveTests/WebViewInteractiveTest.TextSelection/1
chromium.mac_Mac10.9 Tests (dbg)_48371,WebViewInteractiveTests/WebViewInteractiveTest.TextSelection/0
chromium.mac_Mac10.9 Tests (dbg)_48373,WebViewInteractiveTests/WebViewInteractiveTest.TextSelection/0
chromium.mac_Mac10.9 Tests (dbg)_48389,WebViewInteractiveTests/WebViewInteractiveTest.TextSelection/0
chromium.mac_Mac10.9 Tests (dbg)_48398,WebViewInteractiveTests/WebViewInteractiveTest.TextSelection/1
chromium.mac_Mac10.9 Tests (dbg)_48401,WebViewInteractiveTests/WebViewInteractiveTest.TextSelection/0
chromium.mac_Mac10.9 Tests (dbg)_48404,WebViewInteractiveTests/WebViewInteractiveTest.TextSelection/1
chromium.mac_Mac10.9 Tests (dbg)_48410,WebViewInteractiveTests/WebViewInteractiveTest.TextSelection/0
chromium.mac_Mac10.9 Tests (dbg)_48415,WebViewInteractiveTests/WebViewInteractiveTest.TextSelection/0
chromium.mac_Mac10.9 Tests (dbg)_48421,WebViewInteractiveTests/WebViewInteractiveTest.TextSelection/0
chromium.mac_Mac10.9 Tests (dbg)_48438,WebViewInteractiveTests/WebViewInteractiveTest.TextSelection/1
chromium.mac_Mac10.9 Tests (dbg)_48440,WebViewInteractiveTests/WebViewInteractiveTest.TextSelection/0
chromium.mac_Mac10.9 Tests (dbg)_48444,WebViewInteractiveTests/WebViewInteractiveTest.TextSelection/0
chromium.mac_Mac10.9 Tests (dbg)_48444,WebViewInteractiveTests/WebViewInteractiveTest.TextSelection/1
chromium.mac_Mac10.9 Tests (dbg)_48445,WebViewInteractiveTests/WebViewInteractiveTest.TextSelection/1
chromium.mac_Mac10.9 Tests (dbg)_48446,WebViewInteractiveTests/WebViewInteractiveTest.TextSelection/1
chromium.mac_Mac10.9 Tests_51640,DevToolsManagerDelegateTest.NormalToFullscreenWindow
chromium.mac_Mac10.9 Tests_51656,ExtensionCrashRecoveryTest.ReloadTabsWithBackgroundPage
chromium.mac_Mac10.9 Tests_51673,ExtensionPointerLockTest.ExtensionPointerLockAccessFail
chromium.mac_Mac10.9 Tests_51673,AppWindowInteractiveTest.ESCDoesNotLeaveFullscreenOldPermission
chromium.mac_Mac10.9 Tests_51674,WebViewInteractiveTests/WebViewInteractiveTest.TextSelection/0
chromium.mac_Mac10.9 Tests_51693,AppWindowInteractiveTest.ESCDoesNotLeaveFullscreenDOM
chromium.mac_Mac10.9 Tests_51723,WebViewInteractiveTests/WebViewInteractiveTest.TextSelection/0
chromium.mac_Mac10.9 Tests_51729,WebViewInteractiveTests/WebViewInteractiveTest.TextSelection/0
chromium.mac_Mac10.9 Tests_51756,WebViewInteractiveTests/WebViewInteractiveTest.TextSelection/1
chromium.mac_Mac10.9 Tests_51763,WebViewInteractiveTests/WebViewInteractiveTest.TextSelection/0
chromium.mac_Mac10.9 Tests_51770,PlatformNotificationServiceBrowserTest.DataUrlAsNotificationImage
chromium.mac_Mac10.9 Tests_51770,AppWindowInteractiveTest.ESCDoesNotLeaveFullscreenOldPermission
chromium.mac_Mac10.9 Tests_51771,WebViewInteractiveTests/WebViewInteractiveTest.TextSelection/0
chromium.mac_Mac10.9 Tests_51778,WebViewInteractiveTests/WebViewInteractiveTest.TextSelection/0
chromium.mac_Mac10.9 Tests_51780,WebViewInteractiveTests/WebViewInteractiveTest.TextSelection/0
chromium.mac_Mac10.9 Tests_51834,WebViewInteractiveTests/WebViewInteractiveTest.TextSelection/0
chromium.mac_Mac10.9 Tests_51846,WebViewInteractiveTests/WebViewFocusInteractiveTest.FrameInGuestWontStealFocus/0
chromium.mac_Mac10.9 Tests_51876,PasswordManagerBrowserTestForManualSaving.ManualFallbackForSaving_HideIcon
chromium.memory_Linux ASan LSan Tests (1)_40965,WidgetTestInteractive.RestoreAfterMinimize
chromium.memory_Linux ASan LSan Tests (1)_40967,WidgetTestInteractive.RestoreAfterMinimize
chromium.memory_Linux ASan LSan Tests (1)_41003,WidgetTestInteractive.RestoreAfterMinimize
chromium.memory_Linux ASan LSan Tests (1)_41012,AppWindowHiddenKeepAliveTest.HiddenThenShown
chromium.memory_Linux ASan LSan Tests (1)_41013,AppWindowHiddenKeepAliveTest.HiddenThenShown
chromium.memory_Linux ASan LSan Tests (1)_41016,WidgetTestInteractive.RestoreAfterMinimize
chromium.memory_Linux ASan LSan Tests (1)_41033,WidgetTestInteractive.RestoreAfterMinimize
chromium.memory_Linux ASan LSan Tests (1)_41045,AppWindowHiddenKeepAliveTest.HiddenThenShown
chromium.memory_Linux ASan LSan Tests (1)_41045,WidgetTestInteractive.RestoreAfterMinimize
chromium.memory_Linux ASan LSan Tests (1)_41071,WidgetTestInteractive.RestoreAfterMinimize
chromium.memory_Linux ASan LSan Tests (1)_41075,WidgetTestInteractive.RestoreAfterMinimize
chromium.memory_Linux ASan LSan Tests (1)_41089,WidgetTestInteractive.RestoreAfterMinimize
chromium.memory_Linux ASan LSan Tests (1)_41094,WidgetTestInteractive.RestoreAfterMinimize
chromium.memory_Linux ASan LSan Tests (1)_41098,WidgetTestInteractive.RestoreAfterMinimize
chromium.memory_Linux ASan LSan Tests (1)_41103,WidgetTestInteractive.RestoreAfterMinimize
chromium.memory_Linux ASan LSan Tests (1)_41137,WidgetTestInteractive.RestoreAfterMinimize
chromium.memory_Linux ASan LSan Tests (1)_41158,WidgetTestInteractive.RestoreAfterMinimize
chromium.memory_Linux ASan LSan Tests (1)_41159,WidgetTestInteractive.RestoreAfterMinimize
chromium.memory_Linux ASan LSan Tests (1)_41160,WidgetTestInteractive.RestoreAfterMinimize
chromium.memory_Linux ASan LSan Tests (1)_41172,WidgetTestInteractive.RestoreAfterMinimize
chromium.memory_Linux ASan LSan Tests (1)_41180,WidgetTestInteractive.RestoreAfterMinimize
chromium.memory_Linux ASan LSan Tests (1)_41195,WidgetTestInteractive.RestoreAfterMinimize
chromium.memory_Linux ASan LSan Tests (1)_41198,WidgetTestInteractive.RestoreAfterMinimize
chromium.memory_Linux ASan Tests (sandboxed)_42070,WidgetTestInteractive.RestoreAfterMinimize
chromium.memory_Linux ASan Tests (sandboxed)_42077,WidgetTestInteractive.RestoreAfterMinimize
chromium.memory_Linux ASan Tests (sandboxed)_42079,WidgetTestInteractive.RestoreAfterMinimize
chromium.memory_Linux ASan Tests (sandboxed)_42100,WidgetTestInteractive.RestoreAfterMinimize
chromium.memory_Linux ASan Tests (sandboxed)_42112,WidgetTestInteractive.RestoreAfterMinimize
chromium.memory_Linux ASan Tests (sandboxed)_42159,WidgetTestInteractive.RestoreAfterMinimize
chromium.memory_Linux ASan Tests (sandboxed)_42166,WidgetTestInteractive.RestoreAfterMinimize
chromium.memory_Linux ASan Tests (sandboxed)_42172,WidgetTestInteractive.RestoreAfterMinimize
chromium.memory_Linux ASan Tests (sandboxed)_42181,WebViewInteractiveTests/WebViewNewWindowInteractiveTest.NewWindow_WebRequestRemoveElement/0
chromium.memory_Linux ASan Tests (sandboxed)_42182,WidgetTestInteractive.RestoreAfterMinimize
chromium.memory_Linux ASan Tests (sandboxed)_42193,WidgetTestInteractive.RestoreAfterMinimize
chromium.memory_Linux ASan Tests (sandboxed)_42201,WidgetTestInteractive.RestoreAfterMinimize
chromium.memory_Linux ASan Tests (sandboxed)_42228,WidgetTestInteractive.RestoreAfterMinimize
chromium.memory_Linux ASan Tests (sandboxed)_42234,WidgetTestInteractive.RestoreAfterMinimize
chromium.memory_Linux CFI_4526,SitePerProcessInteractiveBrowserTest.TabAndMouseFocusNavigation
chromium.memory_Linux CFI_4529,WidgetTestInteractive.RestoreAfterMinimize
chromium.memory_Linux CFI_4564,SitePerProcessTextInputManagerTest.ResetTextInputStateOnActiveWidgetChange
chromium.memory_Linux CFI_4567,WidgetTestInteractive.RestoreAfterMinimize
chromium.memory_Linux CFI_4575,WidgetTestInteractive.RestoreAfterMinimize
chromium.memory_Linux CFI_4592,WidgetTestInteractive.RestoreAfterMinimize
chromium.memory_Linux CFI_4594,WidgetTestInteractive.RestoreAfterMinimize
chromium.memory_Linux CFI_4603,WidgetTestInteractive.RestoreAfterMinimize
chromium.memory_Linux CFI_4611,SitePerProcessInteractiveBrowserTest.TabAndMouseFocusNavigation
chromium.memory_Linux CFI_4614,SitePerProcessInteractiveBrowserTest.TabAndMouseFocusNavigation
chromium.memory_Linux CFI_4619,WidgetTestInteractive.RestoreAfterMinimize
chromium.memory_Linux CFI_4622,WidgetTestInteractive.RestoreAfterMinimize
chromium.memory_Linux CFI_4624,WidgetTestInteractive.RestoreAfterMinimize
chromium.memory_Linux CFI_4636,WidgetTestInteractive.RestoreAfterMinimize
chromium.memory_Linux CFI_4642,WidgetTestInteractive.RestoreAfterMinimize
chromium.memory_Linux CFI_4649,WidgetTestInteractive.RestoreAfterMinimize
chromium.memory_Linux CFI_4651,WidgetTestInteractive.RestoreAfterMinimize
chromium.memory_Linux CFI_4667,SitePerProcessInteractiveBrowserTest.TabAndMouseFocusNavigation
chromium.memory_Linux CFI_4678,SitePerProcessInteractiveBrowserTest.TabAndMouseFocusNavigation
chromium.memory_Linux CFI_4679,WidgetTestInteractive.RestoreAfterMinimize
chromium.memory_Linux CFI_4681,WidgetTestInteractive.RestoreAfterMinimize
chromium.memory_Linux CFI_4683,WidgetTestInteractive.RestoreAfterMinimize
chromium.memory_Linux CFI_4686,WidgetTestInteractive.RestoreAfterMinimize
chromium.memory_Linux CFI_4687,WidgetTestInteractive.RestoreAfterMinimize
chromium.memory_Linux CFI_4688,SitePerProcessInteractiveBrowserTest.TabAndMouseFocusNavigation
chromium.memory_Linux CFI_4692,SitePerProcessInteractiveBrowserTest.TabAndMouseFocusNavigation
chromium.memory_Linux CFI_4693,X11TopmostWindowFinderTest.Menu
chromium.memory_Linux CFI_4697,WidgetTestInteractive.RestoreAfterMinimize
chromium.memory_Linux Chromium OS ASan LSan Tests (1)_25238,WebViewInteractiveTests/WebViewInteractiveTest.EditCommandsNoMenu/1
chromium.memory_Linux Chromium OS ASan LSan Tests (1)_25252,WebViewInteractiveTests/WebViewInteractiveTest.EditCommandsNoMenu/1
chromium.memory_Linux Chromium OS ASan LSan Tests (1)_25265,LoginUITest.PRE_LoginNoExceptions
chromium.memory_Linux Chromium OS ASan LSan Tests (1)_25273,LoginUITest.PRE_LoginNoExceptions
chromium.memory_Linux Chromium OS ASan LSan Tests (1)_25283,SitePerProcessTextInputManagerTest.TrackCompositionRangeForAllFrames
chromium.memory_Linux Chromium OS ASan LSan Tests (1)_25286,WebViewInteractiveTests/WebViewInteractiveTest.EditCommandsNoMenu/1
chromium.memory_Linux Chromium OS ASan LSan Tests (1)_25310,PlatformNotificationServiceBrowserTest.WebNotificationOptionsVibrationPattern
chromium.memory_Linux MSan Tests_6628,SitePerProcessInteractiveBrowserTest.TabAndMouseFocusNavigation
chromium.memory_Linux MSan Tests_6633,WidgetTestInteractive.RestoreAfterMinimize
chromium.memory_Linux MSan Tests_6638,SitePerProcessInteractiveBrowserTest.TabAndMouseFocusNavigation
chromium.memory_Linux MSan Tests_6642,WidgetTestInteractive.RestoreAfterMinimize
chromium.memory_Linux MSan Tests_6645,CrossSiteSubframe/DragAndDropBrowserTest.DragImageBetweenFrames/0
chromium.memory_Linux MSan Tests_6663,SitePerProcessInteractiveBrowserTest.TabAndMouseFocusNavigation
chromium.memory_Linux MSan Tests_6665,WidgetTestInteractive.RestoreAfterMinimize
chromium.memory_Linux MSan Tests_6672,WidgetTestInteractive.RestoreAfterMinimize
chromium.memory_Linux MSan Tests_6679,WidgetTestInteractive.RestoreAfterMinimize
chromium.memory_Linux MSan Tests_6686,WidgetTestInteractive.RestoreAfterMinimize
chromium.memory_Linux MSan Tests_6702,WidgetTestInteractive.RestoreAfterMinimize
chromium.memory_Linux MSan Tests_6721,BrowserCommandControllerInteractiveTest.ShortcutsShouldTakeEffectInBrowserFullscreen
chromium.memory_Linux MSan Tests_6726,WidgetTestInteractive.RestoreAfterMinimize
chromium.memory_Linux MSan Tests_6745,WidgetTestInteractive.RestoreAfterMinimize
chromium.memory_Linux MSan Tests_6750,WidgetTestInteractive.RestoreAfterMinimize
chromium.memory_Linux MSan Tests_6763,WidgetTestInteractive.RestoreAfterMinimize
chromium.memory_Linux MSan Tests_6765,WidgetTestInteractive.RestoreAfterMinimize
chromium.memory_Linux MSan Tests_6777,WidgetTestInteractive.RestoreAfterMinimize
chromium.memory_Linux MSan Tests_6783,WidgetTestInteractive.RestoreAfterMinimize
chromium.memory_Mac ASan 64 Tests (1)_37003,WebViewInteractiveTests/WebViewFocusInteractiveTest.Focus_FocusBeforeNavigation/0
chromium.memory_Mac ASan 64 Tests (1)_37004,WidgetTestInteractive.CanActivateFlagIsHonored
chromium.memory_Mac ASan 64 Tests (1)_37005,CommandsApiTest.OverwriteBookmarkShortcutWithoutKeybinding
chromium.memory_Mac ASan 64 Tests (1)_37011,NotificationsApiTest.TestRequireInteraction
chromium.memory_Mac ASan 64 Tests (1)_37046,PermissionBubbleInteractiveUITest.CmdWClosesWindow/Views
chromium.memory_Mac ASan 64 Tests (1)_37046,AutofillInteractiveTest.DistinguishMiddleInitialWithinName
chromium.memory_Mac ASan 64 Tests (1)_37051,OmniboxViewTest.CtrlArrowAfterArrowSuggestions
chromium.memory_Mac ASan 64 Tests (1)_37056,WebViewInteractiveTests/WebViewInteractiveTest.Navigation/0
chromium.memory_Mac ASan 64 Tests (1)_37077,WebViewInteractiveTests/WebViewInteractiveTest.TextSelection/0
chromium.memory_Mac ASan 64 Tests (1)_37080,NotificationsTest.TestCloseTabWithPermissionRequestUI
chromium.memory_Mac ASan 64 Tests (1)_37081,ManagePasswordsBubbleViewTest.CommandExecutionInAutomaticSaveState
chromium.memory_Mac ASan 64 Tests (1)_37092,ExtensionApiTest.FocusWindowDoesNotExitFullscreen
chromium.memory_Mac ASan 64 Tests (1)_37093,BrowserActionInteractiveTest.TestOpenPopupDoesNotCloseOtherPopups
chromium.memory_Mac ASan 64 Tests (1)_37137,PlatformNotificationServiceBrowserTest.DataUrlAsNotificationImage
chromium.memory_Mac ASan 64 Tests (1)_37166,BrowserFocusTest.TabsRememberFocus
chromium.memory_Mac ASan 64 Tests (1)_37168,BrowserFocusTest.TabInitialFocus
chromium.memory_Mac ASan 64 Tests (1)_37168,NotificationsApiTest.TestEvents
chromium.memory_Mac ASan 64 Tests (1)_37171,WebViewInteractiveTests/WebViewInteractiveTest.TextSelection/1
chromium.memory_Mac ASan 64 Tests (1)_37186,WebViewInteractiveTests/WebViewInteractiveTest.TextSelection/0
chromium.memory_Mac ASan 64 Tests (1)_37204,WebViewBrowserPluginInteractiveTest.EnsureFocusSynced
chromium.memory_Mac ASan 64 Tests (1)_37205,BrowserKeyEventsTest.ReservedAccelerators
chromium.memory_Mac ASan 64 Tests (1)_37213,AppShimInteractiveTest.ShowWindow
chromium.memory_Mac ASan 64 Tests (1)_37214,BrowserActionButtonUiTest.MediaRouterActionContextMenuInOverflow
chromium.swarm_Mac Swarm_46570,NotificationsTest.TestShouldDisplayFullscreen
chromium.win_Win 7 Tests x64 (1)_32345,WebViewInteractiveTests/WebViewFocusInteractiveTest.Focus_FocusTracksEmbedder/1
chromium.win_Win 7 Tests x64 (1)_32373,FindInPageTest.ButtonsDoNotAlterFocus
chromium.win_Win 7 Tests x64 (1)_32376,ExtensionCrashRecoveryTest.ShutdownWhileCrashed
chromium.win_Win 7 Tests x64 (1)_32381,WebViewInteractiveTests/WebViewFocusInteractiveTest.Focus_FocusTracksEmbedder/1
chromium.win_Win 7 Tests x64 (1)_32420,ExtensionCrashRecoveryTest.CrashAndUnloadAll
chromium.win_Win 7 Tests x64 (1)_32444,WebViewInteractiveTests/WebViewFocusInteractiveTest.Focus_FocusTracksEmbedder/1
chromium.win_Win 7 Tests x64 (1)_32512,SitePerProcessInteractiveBrowserTest.TabAndMouseFocusNavigation
chromium.win_Win 7 Tests x64 (1)_32605,BrowserFocusTest.FocusOnNavigate
chromium.win_Win 7 Tests x64 (1)_32613,FindInPageTest.ButtonsDoNotAlterFocus
chromium.win_Win 7 Tests x64 (1)_32642,NotificationsTest.TestPermissionRequestUIAppears
chromium.win_Win 7 Tests x64 (1)_32675,StarViewTest.HideOnSecondClick
chromium.win_Win7 Tests (1)_74709,WebViewInteractiveTests/WebViewFocusInteractiveTest.Focus_FocusTracksEmbedder/1
chromium.win_Win7 Tests (1)_74723,WebViewInteractiveTests/WebViewInteractiveTest.KeyboardFocusWindowCycle/1
chromium.win_Win7 Tests (1)_74768,WebViewInteractiveTests/WebViewInteractiveTest.KeyboardFocusSimple/1
chromium.win_Win7 Tests (1)_74799,FindInPageTest.ButtonsDoNotAlterFocus
chromium.win_Win7 Tests (1)_74835,StarViewTest.HideOnSecondClick
chromium.win_Win7 Tests (1)_74889,FindInPageTest.ButtonsDoNotAlterFocus
chromium.win_Win7 Tests (1)_74892,LocalNTPUITest.FakeboxRedirectsToOmnibox
chromium.win_Win7 Tests (1)_74928,SitePerProcessInteractiveBrowserTest.TabAndMouseFocusNavigation
chromium.win_Win7 Tests (1)_74962,FindInPageTest.ButtonsDoNotAlterFocus
chromium.win_Win7 Tests (1)_74974,WebViewInteractiveTests/WebViewFocusInteractiveTest.Focus_FocusTracksEmbedder/1
chromium.win_Win7 Tests (1)_74988,StarViewTest.HideOnSecondClick
chromium.win_Win7 Tests (dbg)(1)_65289,FullscreenControllerInteractiveTest.ReloadExitsMouseLockAndFullscreen
chromium.win_Win7 Tests (dbg)(1)_65316,SitePerProcessInteractiveBrowserTest.TabAndMouseFocusNavigation
chromium.win_Win7 Tests (dbg)(1)_65339,WebViewPopupInteractiveTest.PopupPositioningMoved
chromium.win_Win7 Tests (dbg)(1)_65353,WebViewInteractiveTests/WebViewFocusInteractiveTest.Focus_FocusTracksEmbedder/1
client.v8.chromium_Linux - Future (dbg)_6789,SitePerProcessInteractiveBrowserTest.TabAndMouseFocusNavigation
client.v8.chromium_Linux - Future (dbg)_6801,SitePerProcessInteractiveBrowserTest.TabAndMouseFocusNavigation
client.v8.chromium_Linux - Future (dbg)_6813,WidgetTestInteractive.RestoreAfterMinimize
client.v8.chromium_Linux - Future (dbg)_6817,WebViewInteractiveTests/WebViewNewWindowInteractiveTest.NewWindow_DeclarativeWebRequest/1
client.v8.chromium_Linux - Future (dbg)_6818,WidgetTestInteractive.RestoreAfterMinimize
client.v8.chromium_Linux - Future (dbg)_6851,SitePerProcessInteractiveBrowserTest.TabAndMouseFocusNavigation
client.v8.chromium_Linux - Future (dbg)_6856,WidgetTestInteractive.RestoreAfterMinimize
client.v8.chromium_Linux - Future (dbg)_6887,WidgetTestInteractive.RestoreAfterMinimize
client.v8.chromium_Linux - Future (dbg)_6895,SitePerProcessInteractiveBrowserTest.TabAndMouseFocusNavigation
client.v8.chromium_Linux - Future (dbg)_6907,AutofillPopupControllerBrowserTest.HidePopupOnWindowResize
client.v8.chromium_Linux - Future (dbg)_6916,WidgetTestInteractive.RestoreAfterMinimize
client.v8.chromium_Linux - Future (dbg)_6917,SitePerProcessInteractiveBrowserTest.TabAndMouseFocusNavigation
client.v8.chromium_Linux - Future_13709,TabDragging/DetachToBrowserTabDragControllerTest.DragToSeparateWindow/0
client.v8.chromium_Linux - Future_13710,MouseLeaveTest.ModalDialog
client.v8.chromium_Linux - Future_13710,WidgetTestInteractive.RestoreAfterMinimize
client.v8.chromium_Linux - Future_13710,BrowserFocusTest.FocusOnNavigate
client.v8.chromium_Linux - Future_13712,ExtensionCrashRecoveryTest.CrashAndUnloadAll
client.v8.chromium_Linux - Future_13712,ExtensionCrashRecoveryTest.TwoExtensionsReloadIndependently
client.v8.chromium_Linux - Future_13712,ExtensionCrashRecoveryTest.ReloadIndependentlyChangeTabs
client.v8.chromium_Linux - Future_13714,BrowserFocusTest.FocusOnNavigate
client.v8.chromium_Linux - Future_13715,BrowserFocusTest.BackgroundBrowserDontStealFocus
client.v8.chromium_Linux - Future_13716,TabDragging/DetachToBrowserTabDragControllerTest.DragToSeparateWindow/0
client.v8.chromium_Linux - Future_13720,BrowserFocusTest.BackgroundBrowserDontStealFocus
client.v8.chromium_Linux - Future_13720,ExtensionCrashRecoveryTest.ReloadIndependently
client.v8.chromium_Linux - Future_13722,TabDragging/DetachToBrowserTabDragControllerTest.DragToSeparateWindow/0
client.v8.chromium_Linux - Future_13723,BrowserFocusTest.BackgroundBrowserDontStealFocus
client.v8.chromium_Linux - Future_13723,TabDragging/DetachToBrowserTabDragControllerTest.DragToSeparateWindow/0
client.v8.chromium_Linux - Future_13724,ExtensionCrashRecoveryTest.TwoExtensionsCrashSecond
client.v8.chromium_Linux - Future_13726,BrowserFocusTest.BackgroundBrowserDontStealFocus
client.v8.chromium_Linux - Future_13727,BrowserFocusTest.BackgroundBrowserDontStealFocus
client.v8.chromium_Linux - Future_13730,BrowserFocusTest.BackgroundBrowserDontStealFocus
client.v8.chromium_Linux - Future_13731,MouseLeaveTest.ModalDialog
client.v8.chromium_Linux - Future_13734,TabDragging/DetachToBrowserTabDragControllerTest.DragToSeparateWindow/0
client.v8.chromium_Linux - Future_13736,BrowserFocusTest.BackgroundBrowserDontStealFocus
client.v8.chromium_Linux - Future_13737,TabDragging/DetachToBrowserTabDragControllerTest.DragToSeparateWindow/0
client.v8.chromium_Linux - Future_13737,BrowserFocusTest.BackgroundBrowserDontStealFocus
client.v8.chromium_Linux - Future_13738,BrowserFocusTest.BackgroundBrowserDontStealFocus
client.v8.chromium_Linux - Future_13740,BrowserFocusTest.BackgroundBrowserDontStealFocus
client.v8.chromium_Linux - Future_13740,GlobalCommandsApiTest.GlobalCommand
client.v8.chromium_Linux - Future_13740,TabDragging/DetachToBrowserTabDragControllerTest.DragToSeparateWindow/0
client.v8.chromium_Linux - Future_13741,BrowserFocusTest.BackgroundBrowserDontStealFocus
client.v8.chromium_Linux - Future_13744,TabDragging/DetachToBrowserTabDragControllerTest.DragToSeparateWindow/0
client.v8.chromium_Linux - Future_13746,TabDragging/DetachToBrowserTabDragControllerTest.DragToSeparateWindow/0
client.v8.chromium_Linux - Future_13750,TabDragging/DetachToBrowserTabDragControllerTest.DragToSeparateWindow/0
client.v8.chromium_Linux - Future_13750,BrowserFocusTest.FocusOnNavigate
client.v8.chromium_Linux - Future_13754,ExtensionCrashRecoveryTest.TwoExtensionsCrashBothAtOnce
client.v8.chromium_Linux - Future_13754,WidgetTestInteractive.RestoreAfterMinimize
client.v8.chromium_Linux - Future_13755,LocalNTPUITest.FakeboxRedirectsToOmnibox
client.v8.chromium_Linux - Future_13757,BrowserFocusTest.BackgroundBrowserDontStealFocus
client.v8.chromium_Linux - Future_13761,WidgetTestInteractive.RestoreAfterMinimize
client.v8.chromium_Linux - Future_13766,TabDragging/DetachToBrowserTabDragControllerTest.DragToSeparateWindow/0
client.v8.chromium_Linux - Future_13766,BrowserFocusTest.BackgroundBrowserDontStealFocus
client.v8.chromium_Linux - Future_13767,ExtensionCrashRecoveryTest.TwoExtensionsShutdownWhileCrashed
client.v8.chromium_Linux - Future_13769,BrowserFocusTest.BackgroundBrowserDontStealFocus
client.v8.chromium_Linux - Future_13769,TabDragging/DetachToBrowserTabDragControllerTest.DragToSeparateWindow/0
client.v8.chromium_Linux - Future_13770,WidgetTestInteractive.RestoreAfterMinimize
client.v8.chromium_Linux - Future_13771,TabDragging/DetachToBrowserTabDragControllerTest.DragToSeparateWindow/0
client.v8.chromium_Linux - Future_13773,ExtensionCrashRecoveryTest.TwoExtensionsShutdownWhileCrashed
client.v8.chromium_Linux - Future_13774,TabDragging/DetachToBrowserTabDragControllerTest.DragToSeparateWindow/0
client.v8.chromium_Linux - Future_13774,BrowserFocusTest.BackgroundBrowserDontStealFocus
client.v8.chromium_Linux - Future_13777,WidgetTestInteractive.RestoreAfterMinimize
client.v8.chromium_Linux - Future_13778,TabDragging/DetachToBrowserTabDragControllerTest.DragToSeparateWindow/0
client.v8.chromium_Linux - Future_13779,BrowserFocusTest.FocusOnNavigate
client.v8.chromium_Linux - Future_13779,TabDragging/DetachToBrowserTabDragControllerTest.DragToSeparateWindow/0
client.v8.chromium_Linux - Future_13783,MouseLeaveTest.ModalDialog
client.v8.chromium_Linux - Future_13785,ExtensionCrashRecoveryTest.TwoExtensionsCrashSecond
client.v8.chromium_Linux - Future_13785,ExtensionCrashRecoveryTest.ReloadIndependentlyChangeTabs
client.v8.chromium_Linux - Future_13788,ExtensionCrashRecoveryTest.ReloadIndependently
client.v8.chromium_Linux - Future_13790,ExtensionCrashRecoveryTest.TwoExtensionsReloadIndependently
client.v8.chromium_Linux - Future_13790,ExtensionCrashRecoveryTest.ReloadIndependentlyChangeTabs
client.v8.chromium_Linux - Future_13792,SitePerProcessTextInputManagerTest.ClearFocusedElementOnPage
client.v8.chromium_Linux - Future_13793,TabDragging/DetachToBrowserTabDragControllerTest.DragToSeparateWindow/0
client.v8.chromium_Linux - Future_13795,BrowserFocusTest.BackgroundBrowserDontStealFocus
client.v8.chromium_Linux - Future_13796,MouseLeaveTest.ModalDialog
client.v8.chromium_Linux - Future_13796,WidgetTestInteractive.RestoreAfterMinimize
client.v8.chromium_Linux - Future_13797,MouseLeaveTest.ModalDialog
client.v8.chromium_Linux - Future_13799,TabDragging/DetachToBrowserTabDragControllerTest.DragToSeparateWindow/0
client.v8.chromium_Linux - Future_13800,TabDragging/DetachToBrowserTabDragControllerTest.DragToSeparateWindow/0
client.v8.chromium_Linux - Future_13800,ExtensionCrashRecoveryTest.ReloadTabsWithBackgroundPage
client.v8.chromium_Linux - Future_13800,BrowserFocusTest.BackgroundBrowserDontStealFocus
client.v8.chromium_Linux - Future_13801,TabDragging/DetachToBrowserTabDragControllerTest.DragToSeparateWindow/0
client.v8.chromium_Linux - Future_13801,BrowserFocusTest.BackgroundBrowserDontStealFocus
client.v8.chromium_Linux - Future_13804,ExtensionCrashRecoveryTest.CrashAndUnloadAll
client.v8.chromium_Linux - Future_13805,BrowserFocusTest.BackgroundBrowserDontStealFocus
client.v8.chromium_Linux - Future_13808,MouseLeaveTest.ModalDialog
client.v8.chromium_Linux - Future_13809,TabDragging/DetachToBrowserTabDragControllerTest.DragToSeparateWindow/0
client.v8.chromium_Linux - Future_13810,ExtensionCrashRecoveryTest.TwoExtensionsOneByOne
client.v8.chromium_Linux - Future_13812,WidgetTestInteractive.RestoreAfterMinimize
client.v8.chromium_Linux - Future_13815,BrowserFocusTest.BackgroundBrowserDontStealFocus
client.v8.chromium_Linux - Future_13817,BrowserFocusTest.BackgroundBrowserDontStealFocus
client.v8.chromium_Linux - Future_13818,BrowserFocusTest.BackgroundBrowserDontStealFocus
client.v8.chromium_Linux - Future_13821,WidgetTestInteractive.RestoreAfterMinimize
client.v8.chromium_Linux - Future_13823,WidgetTestInteractive.RestoreAfterMinimize
client.v8.chromium_Linux - Future_13823,TabDragging/DetachToBrowserTabDragControllerTest.DragToSeparateWindow/0
client.v8.chromium_Linux - Future_13823,ExtensionCrashRecoveryTest.Basic
client.v8.chromium_Linux - Future_13826,WebViewInteractiveTests/WebViewInteractiveTest.KeyboardFocusWindowCycle/0
client.v8.chromium_Linux - Future_13827,BrowserFocusTest.BackgroundBrowserDontStealFocus
client.v8.chromium_Linux - Future_13828,BrowserFocusTest.BackgroundBrowserDontStealFocus
client.v8.chromium_Linux - Future_13831,BrowserFocusTest.BackgroundBrowserDontStealFocus
client.v8.chromium_Linux - Future_13832,ExtensionCrashRecoveryTest.ReloadTabsWithBackgroundPage
client.v8.chromium_Linux - Future_13836,TabDragging/DetachToBrowserTabDragControllerTest.DragToSeparateWindow/0
client.v8.chromium_Linux - Future_13838,ExtensionCrashRecoveryTest.TwoExtensionsReloadIndependently
client.v8.chromium_Linux - Future_13839,BrowserFocusTest.BackgroundBrowserDontStealFocus
client.v8.chromium_Linux - Future_13840,BrowserFocusTest.BackgroundBrowserDontStealFocus
client.v8.chromium_Linux - Future_13843,BrowserFocusTest.BackgroundBrowserDontStealFocus
client.v8.chromium_Linux - Future_13844,MouseLeaveTest.ModalDialog
client.v8.chromium_Linux - Future_13844,BrowserFocusTest.BackgroundBrowserDontStealFocus
client.v8.chromium_Linux - Future_13845,ExtensionCrashRecoveryTest.ReloadIndependently
client.v8.chromium_Linux - Future_13845,BrowserFocusTest.BackgroundBrowserDontStealFocus
client.v8.chromium_Linux - Future_13846,ExtensionCrashRecoveryTest.CrashAndUnloadAll
client.v8.chromium_Linux - Future_13848,ExtensionCrashRecoveryTest.TwoExtensionsCrashFirst
client.v8.chromium_Linux - Future_13848,BrowserFocusTest.BackgroundBrowserDontStealFocus
client.v8.chromium_Linux - Future_13848,WidgetTestInteractive.RestoreAfterMinimize
client.v8.chromium_Linux - Future_13849,ExtensionCrashRecoveryTest.ReloadIndependentlyChangeTabs
client.v8.chromium_Linux - Future_13850,ExtensionCrashRecoveryTest.CrashAndUnloadAll
client.v8.chromium_Linux - Future_13851,BrowserFocusTest.BackgroundBrowserDontStealFocus
client.v8.chromium_Linux - Future_13853,WidgetTestInteractive.RestoreAfterMinimize
client.v8.chromium_Linux - Future_13855,BrowserFocusTest.BackgroundBrowserDontStealFocus
client.v8.chromium_Linux - Future_13855,TabDragging/DetachToBrowserTabDragControllerTest.DragToSeparateWindow/0
client.v8.chromium_Linux - Future_13857,BrowserFocusTest.BackgroundBrowserDontStealFocus
client.v8.chromium_Linux - Future_13857,ExtensionCrashRecoveryTest.TwoExtensionsReloadIndependently
client.v8.chromium_Linux - Future_13859,ExtensionCrashRecoveryTest.Basic
client.v8.chromium_Linux - Future_13861,ExtensionCrashRecoveryTest.ReloadIndependentlyChangeTabs
client.v8.chromium_Linux - Future_13861,MouseLeaveTest.ModalDialog
client.v8.chromium_Linux - Future_13863,ExtensionCrashRecoveryTest.TwoExtensionsCrashFirst
client.v8.chromium_Linux - Future_13864,ExtensionCrashRecoveryTest.CrashAndUnloadAll
client.v8.chromium_Linux - Future_13865,BrowserFocusTest.BackgroundBrowserDontStealFocus
client.v8.chromium_Linux - Future_13868,BrowserFocusTest.BackgroundBrowserDontStealFocus
client.v8.chromium_Linux - Future_13869,BrowserFocusTest.FocusOnNavigate
client.v8.chromium_Linux - Future_13870,TabDragging/DetachToBrowserTabDragControllerTest.DragToSeparateWindow/0
client.v8.chromium_Linux - Future_13870,WidgetTestInteractive.RestoreAfterMinimize
client.v8.chromium_Linux - Future_13871,TabDragging/DetachToBrowserTabDragControllerTest.DragToSeparateWindow/0
client.v8.chromium_Linux - Future_13874,TabDragging/DetachToBrowserTabDragControllerTest.DragToSeparateWindow/0
client.v8.chromium_Linux - Future_13875,BrowserFocusTest.BackgroundBrowserDontStealFocus
client.v8.chromium_Linux - Future_13876,MouseLeaveTest.ModalDialog
client.v8.chromium_Linux - Future_13879,TabDragging/DetachToBrowserTabDragControllerTest.DragToSeparateWindow/0
client.v8.chromium_Linux - Future_13883,TabDragging/DetachToBrowserTabDragControllerTest.DragToSeparateWindow/0
client.v8.chromium_Linux - Future_13884,MouseLeaveTest.ModalDialog
client.v8.chromium_Linux - Future_13886,ExtensionCrashRecoveryTest.ReloadTabsWithBackgroundPage
client.v8.chromium_Linux - Future_13887,BrowserFocusTest.BackgroundBrowserDontStealFocus
client.v8.chromium_Linux - Future_13888,BrowserFocusTest.BackgroundBrowserDontStealFocus
client.v8.chromium_Linux - Future_13888,TabDragging/DetachToBrowserTabDragControllerTest.DragToSeparateWindow/0
client.v8.chromium_Linux - Future_13889,BrowserFocusTest.BackgroundBrowserDontStealFocus
client.v8.chromium_Linux - Future_13890,WidgetTestInteractive.RestoreAfterMinimize
client.v8.chromium_Linux - Future_13893,BrowserFocusTest.BackgroundBrowserDontStealFocus
client.v8.chromium_Linux - Future_13893,ExtensionCrashRecoveryTest.ReloadIndependentlyNavigatePage
client.v8.chromium_Linux - Future_13894,ExtensionCrashRecoveryTest.Basic
client.v8.chromium_Linux - Future_13894,MouseLeaveTest.ModalDialog
client.v8.chromium_Linux - Future_13895,TabDragging/DetachToBrowserTabDragControllerTest.DragToSeparateWindow/0
client.v8.chromium_Linux - Future_13896,WidgetTestInteractive.RestoreAfterMinimize
client.v8.chromium_Linux - Future_13897,WidgetTestInteractive.RestoreAfterMinimize
client.v8.chromium_Linux - Future_13897,SitePerProcessInteractiveBrowserTest.TabAndMouseFocusNavigation
client.v8.chromium_Linux - Future_13897,BrowserFocusTest.BackgroundBrowserDontStealFocus
client.v8.chromium_Linux - Future_13898,WidgetTestInteractive.RestoreAfterMinimize
client.v8.chromium_Linux - Future_13900,ExtensionCrashRecoveryTest.ReloadIndependentlyChangeTabs
client.v8.chromium_Linux - Future_13902,BrowserFocusTest.BackgroundBrowserDontStealFocus
client.v8.chromium_Linux - Future_13904,WidgetTestInteractive.RestoreAfterMinimize
client.v8.chromium_Linux - Future_13904,TabDragging/DetachToBrowserTabDragControllerTest.DragToSeparateWindow/0
client.v8.chromium_Linux - Future_13905,WebViewInteractiveTests/WebViewInteractiveTest.KeyboardFocusWindowCycle/0
client.v8.chromium_Linux - Future_13907,ExtensionCrashRecoveryTest.ReloadIndependentlyNavigatePage
client.v8.chromium_Linux - Future_13907,MouseLeaveTest.ModalDialog
client.v8.chromium_Linux - Future_13908,TabDragging/DetachToBrowserTabDragControllerTest.DragToSeparateWindow/0
client.v8.chromium_Linux - Future_13910,ExtensionCrashRecoveryTest.Basic
client.v8.chromium_Linux - Future_13912,ExtensionCrashRecoveryTest.ReloadIndependentlyNavigatePage
client.v8.chromium_Linux - Future_13913,ExtensionCrashRecoveryTest.TwoExtensionsCrashFirst
client.v8.chromium_Linux - Future_13913,BrowserFocusTest.BackgroundBrowserDontStealFocus
client.v8.chromium_Linux - Future_13917,ExtensionCrashRecoveryTest.ReloadIndependentlyChangeTabs
client.v8.chromium_Linux - Future_13918,ExtensionCrashRecoveryTest.ReloadTabsWithBackgroundPage
client.v8.chromium_Linux - Future_13919,MouseLeaveTest.ModalDialog
client.v8.chromium_Linux - Future_13919,TabDragging/DetachToBrowserTabDragControllerTest.DragToSeparateWindow/0
client.v8.chromium_Linux - Future_13921,ExtensionCrashRecoveryTest.ReloadTabsWithBackgroundPage
client.v8.chromium_Linux - Future_13925,BrowserFocusTest.BackgroundBrowserDontStealFocus
client.v8.chromium_Linux - Future_13929,ExtensionCrashRecoveryTest.ReloadIndependentlyChangeTabs
client.v8.chromium_Linux - Future_13929,MouseLeaveTest.ModalDialog
client.v8.chromium_Linux - Future_13930,BrowserFocusTest.BackgroundBrowserDontStealFocus
client.v8.chromium_Linux - Future_13930,SitePerProcessInteractiveBrowserTest.TabAndMouseFocusNavigation
client.v8.chromium_Linux - Future_13938,BrowserFocusTest.BackgroundBrowserDontStealFocus
client.v8.chromium_Linux - Future_13938,TabDragging/DetachToBrowserTabDragControllerTest.DragToSeparateWindow/0
client.v8.chromium_Linux - Future_13939,BrowserFocusTest.BackgroundBrowserDontStealFocus
client.v8.chromium_Linux - Future_13939,MouseLeaveTest.ModalDialog
client.v8.chromium_Linux - Future_13940,TabDragging/DetachToBrowserTabDragControllerTest.DragToSeparateWindow/0
client.v8.chromium_Linux - Future_13942,BrowserFocusTest.BackgroundBrowserDontStealFocus
client.v8.chromium_Linux - Future_13942,ExtensionCrashRecoveryTest.TwoExtensionsCrashBothAtOnce
client.v8.chromium_Linux - Future_13943,WidgetTestInteractive.RestoreAfterMinimize
client.v8.chromium_Linux - Future_13945,TabDragging/DetachToBrowserTabDragControllerTest.DragToSeparateWindow/0
client.v8.chromium_Linux - Future_13946,ExtensionCrashRecoveryTest.ReloadIndependentlyNavigatePage
client.v8.chromium_Linux - Future_13947,TabDragging/DetachToBrowserTabDragControllerTest.DragToSeparateWindow/0
client.v8.chromium_Linux - Future_13949,BrowserFocusTest.BackgroundBrowserDontStealFocus
client.v8.chromium_Linux - Future_13949,MouseLeaveTest.ModalDialog
client.v8.chromium_Linux - Future_13952,ExtensionCrashRecoveryTest.Basic
client.v8.chromium_Linux - Future_13953,GlobalCommandsApiTest.GlobalCommand
client.v8.chromium_Linux - Future_13954,WidgetTestInteractive.RestoreAfterMinimize
client.v8.chromium_Linux - Future_13955,BrowserFocusTest.BackgroundBrowserDontStealFocus
client.v8.chromium_Linux - Future_13955,TabDragging/DetachToBrowserTabDragControllerTest.DragToSeparateWindow/0
client.v8.chromium_Linux - Future_13958,ExtensionCrashRecoveryTest.CrashAndUnloadAll
client.v8.chromium_Linux - Future_13960,TabDragging/DetachToBrowserTabDragControllerTest.DragToSeparateWindow/0
client.v8.chromium_Linux - Future_13961,TabDragging/DetachToBrowserTabDragControllerTest.DragToSeparateWindow/0
client.v8.chromium_Linux - Future_13961,BrowserFocusTest.BackgroundBrowserDontStealFocus
client.v8.chromium_Linux - Future_13962,WidgetTestInteractive.RestoreAfterMinimize
client.v8.chromium_Linux - Future_13963,ExtensionCrashRecoveryTest.ReloadIndependentlyChangeTabs
client.v8.chromium_Linux - Future_13964,MouseLeaveTest.ModalDialog
client.v8.chromium_Linux - Future_13966,BrowserFocusTest.BackgroundBrowserDontStealFocus
client.v8.chromium_Linux - Future_13966,WidgetTestInteractive.RestoreAfterMinimize
client.v8.chromium_Linux - Future_13967,MouseLeaveTest.ModalDialog
client.v8.chromium_Linux - Future_13967,TabDragging/DetachToBrowserTabDragControllerTest.DragToSeparateWindow/0
client.v8.chromium_Linux - Future_13968,BrowserFocusTest.BackgroundBrowserDontStealFocus
client.v8.chromium_Linux - Future_13970,TabDragging/DetachToBrowserTabDragControllerTest.DragToSeparateWindow/0
client.v8.chromium_Linux - Future_13971,TabDragging/DetachToBrowserTabDragControllerTest.DragToSeparateWindow/0
client.v8.chromium_Linux - Future_13972,TabDragging/DetachToBrowserTabDragControllerTest.DragToSeparateWindow/0
client.v8.chromium_Linux - Future_13975,BrowserFocusTest.BackgroundBrowserDontStealFocus
client.v8.chromium_Linux - Future_13977,ExtensionCrashRecoveryTest.CrashAndUnloadAll
client.v8.chromium_Linux - Future_13979,BrowserFocusTest.BackgroundBrowserDontStealFocus
client.v8.chromium_Linux - Future_13979,ExtensionCrashRecoveryTest.ReloadIndependentlyNavigatePage
client.v8.chromium_Linux - Future_13980,ExtensionCrashRecoveryTest.TwoExtensionsCrashFirst
client.v8.chromium_Linux - Future_13981,WidgetTestInteractive.RestoreAfterMinimize
client.v8.chromium_Linux - Future_13981,BrowserFocusTest.BackgroundBrowserDontStealFocus
client.v8.chromium_Linux - Future_13982,BrowserFocusTest.BackgroundBrowserDontStealFocus
client.v8.chromium_Linux - Future_13983,WidgetTestInteractive.RestoreAfterMinimize
client.v8.chromium_Linux - Future_13985,ExtensionCrashRecoveryTest.CrashAndUninstall
client.v8.chromium_Linux - Future_13985,TabDragging/DetachToBrowserTabDragControllerTest.DragToSeparateWindow/0
client.v8.chromium_Linux - Future_13986,TabDragging/DetachToBrowserTabDragControllerTest.DragToSeparateWindow/0
client.v8.chromium_Linux - Future_13988,ExtensionCrashRecoveryTest.ReloadIndependently
client.v8.chromium_Linux - Future_13988,TabDragging/DetachToBrowserTabDragControllerTest.DragToSeparateWindow/0
client.v8.fyi_Linux Tests (dbg)(1)_5080,MenuControllerMnemonicTestMnemonicMatch.MnemonicMatch
client.v8.fyi_Linux Tests (dbg)(1)_5081,MenuControllerMnemonicTestMnemonicMatch.MnemonicMatch
client.v8.fyi_Linux Tests (dbg)(1)_5085,WidgetTestInteractive.RestoreAfterMinimize
client.v8.fyi_Linux Tests (dbg)(1)_5086,WidgetTestInteractive.RestoreAfterMinimize
client.v8.fyi_Linux Tests (dbg)(1)_5087,WidgetTestInteractive.RestoreAfterMinimize
client.v8.fyi_Linux Tests (dbg)(1)_5117,SitePerProcessInteractiveBrowserTest.TabAndMouseFocusNavigation
client.v8.fyi_Linux Tests (dbg)(1)_5118,SitePerProcessInteractiveBrowserTest.TabAndMouseFocusNavigation
