1 31 33 0.0247764993039 ('ExtensionCrashRecoveryTest.CrashAndUninstall', 'ExtensionCrashRecoveryTest.TwoExtensionsShutdownWhileCrashed')
1 492 19 -0.0103329583573 ('BrowserFocusTest.BackgroundBrowserDontStealFocus', 'NotificationsTest.TestShouldDisplayMultiFullscreen')
1 42 163 -0.00523867215433 ('ExtensionCrashRecoveryTest.TwoExtensionsReloadIndependently', 'SitePerProcessInteractiveBrowserTest.TabAndMouseFocusNavigation')
1 45 40 0.0148757853831 ('ExtensionCrashRecoveryTest.ReloadIndependently', 'ExtensionCrashRecoveryTest.TwoExtensionsCrashFirst')
4 492 21 0.0192586494591 ('BrowserFocusTest.BackgroundBrowserDontStealFocus', 'WebViewInteractiveTests/WebViewInteractiveTest.KeyboardFocusWindowCycle/0')
5 163 792 -0.0677167734654 ('SitePerProcessInteractiveBrowserTest.TabAndMouseFocusNavigation', 'TabDragging/DetachToBrowserTabDragControllerTest.DragToSeparateWindow/0')
1 53 334 -0.0210175040843 ('MenuControllerMnemonicTestTitleMatch.TitleMatch', 'PlatformNotificationServiceBrowserTest.UserClosesPersistentNotification')
2 334 28 0.000585977685291 ('PlatformNotificationServiceBrowserTest.UserClosesPersistentNotification', 'X11TopmostWindowFinderTest.NonRectangularNullShape')
1 32 792 -0.0294625247516 ('BrowserCommandControllerInteractiveTest.ShortcutsShouldTakeEffectInBrowserFullscreen', 'TabDragging/DetachToBrowserTabDragControllerTest.DragToSeparateWindow/0')
4 492 45 -0.00431735208 ('BrowserFocusTest.BackgroundBrowserDontStealFocus', 'ExtensionCrashRecoveryTest.ReloadIndependently')
1 40 194 -0.00714855533153 ('ExtensionCrashRecoveryTest.TwoExtensionsCrashFirst', 'MouseLeaveTest.ModalDialog')
1 1 1 1.0 ('OmniboxViewTest.BasicTextOperations', 'OmniboxViewTest.EscapeToDefaultMatch')
1 41 334 -0.0164480171563 ('ExtensionCrashRecoveryTest.ReloadTabsWithBackgroundPage', 'PlatformNotificationServiceBrowserTest.UserClosesPersistentNotification')
1 68 1 0.120419554109 ('MenuModelAdapterTest.RebuildMenu', 'PopupBlockerBrowserTest.TapGestureWithCtrlKey')
1 1 36 0.166058677425 ('BrowserActionInteractiveTest.CloseBrowserWithDevTools', 'TestAsNormalAndGuestUser/SpokenFeedbackTest.ChromeVoxShiftSearch/0')
1 50 40 0.0131806935588 ('ExtensionCrashRecoveryTest.CrashAndUnloadAll', 'ExtensionCrashRecoveryTest.TwoExtensionsCrashFirst')
4 94 129 0.013735455221 ('BridgedNativeWidgetUITest.FullscreenEnterAndExit', 'WebViewInteractiveTests/WebViewInteractiveTest.TextSelection/0')
2 87 4 0.10432187431 ('AppListTest.PressAppListButtonToShowAndDismiss', 'SitePerProcessInteractiveBrowserTest.FullscreenElementInABAAndExitViaJS')
1 25 14 0.0497622617761 ('BookmarkBarViewTest10.KeyEvents', 'UserDataDowngradeBrowserNoMSITest.Test')
1 19 334 -0.00417457305874 ('NotificationsTest.TestShouldDisplayMultiFullscreen', 'PlatformNotificationServiceBrowserTest.UserClosesPersistentNotification')
1 41 40 0.0164069005025 ('ExtensionCrashRecoveryTest.ReloadTabsWithBackgroundPage', 'ExtensionCrashRecoveryTest.TwoExtensionsCrashFirst')
1 45 36 0.0166121235478 ('ExtensionCrashRecoveryTest.ReloadIndependently', 'ExtensionCrashRecoveryTest.TwoExtensionsOneByOne')
1 50 1 0.140698572214 ('ExtensionCrashRecoveryTest.CrashAndUnloadAll', 'LoginUserTest.UserPassed')
3 19 792 -0.00116575772998 ('NotificationsTest.TestShouldDisplayMultiFullscreen', 'TabDragging/DetachToBrowserTabDragControllerTest.DragToSeparateWindow/0')
1 6 596 0.00457826391623 ('AppWindowInteractiveTest.ESCDoesNotLeaveFullscreenOldPermission', 'PasswordGenerationInteractiveTest.AutoSavingGeneratedPassword')
1 52 163 -0.00848068381187 ('ExtensionCrashRecoveryTest.TwoExtensionsCrashBothAtOnce', 'SitePerProcessInteractiveBrowserTest.TabAndMouseFocusNavigation')
1 2 1 0.707033212359 ('AutofillInteractiveTest.DistinguishMiddleInitialWithinName', 'PermissionBubbleInteractiveUITest.CmdWClosesWindow/Views')
1 4 596 0.0110344673654 ('ParamaterizedFullscreenControllerInteractiveTestInstance/ParamaterizedFullscreenControllerInteractiveTest.MouseLockSilentAfterTargetUnlock/1', 'PasswordGenerationInteractiveTest.AutoSavingGeneratedPassword')
1 24 596 -0.0176935458634 ('ExtensionCrashRecoveryTest.ShutdownWhileCrashed', 'PasswordGenerationInteractiveTest.AutoSavingGeneratedPassword')
6 492 596 -0.11453977426 ('BrowserFocusTest.BackgroundBrowserDontStealFocus', 'PasswordGenerationInteractiveTest.AutoSavingGeneratedPassword')
2 42 194 0.00346405900015 ('ExtensionCrashRecoveryTest.TwoExtensionsReloadIndependently', 'MouseLeaveTest.ModalDialog')
1 25 68 0.0158295530378 ('BookmarkBarViewTest10.KeyEvents', 'MenuModelAdapterTest.RebuildMenu')
2 40 42 0.0406147259191 ('ExtensionCrashRecoveryTest.TwoExtensionsCrashFirst', 'ExtensionCrashRecoveryTest.TwoExtensionsReloadIndependently')
2 33 719 -0.0207396429559 ('ExtensionCrashRecoveryTest.TwoExtensionsCrashSecond', 'WidgetTestInteractive.RestoreAfterMinimize')
3 194 596 -0.0675281798301 ('MouseLeaveTest.ModalDialog', 'PasswordGenerationInteractiveTest.AutoSavingGeneratedPassword')
9 492 54 0.0226168795392 ('BrowserFocusTest.BackgroundBrowserDontStealFocus', 'ExtensionCrashRecoveryTest.ReloadIndependentlyNavigatePage')
8 492 41 0.0283876416204 ('BrowserFocusTest.BackgroundBrowserDontStealFocus', 'ExtensionCrashRecoveryTest.ReloadTabsWithBackgroundPage')
1 97 28 0.00845688025376 ('ExtensionCrashRecoveryTest.ReloadIndependentlyChangeTabs', 'X11TopmostWindowFinderTest.NonRectangularNullShape')
1 94 1 0.102139307691 ('BridgedNativeWidgetUITest.FullscreenEnterAndExit', 'PlatformNotificationServiceBrowserTest.BlobAsNotificationImage')
1 25 9 0.0637718356368 ('BookmarkBarViewTest10.KeyEvents', 'WebViewInteractiveTests/WebViewInteractiveTest.EditCommandsNoMenu/1')
4 40 792 -0.0159912044112 ('ExtensionCrashRecoveryTest.TwoExtensionsCrashFirst', 'TabDragging/DetachToBrowserTabDragControllerTest.DragToSeparateWindow/0')
3 33 334 0.00700616409306 ('ExtensionCrashRecoveryTest.TwoExtensionsShutdownWhileCrashed', 'PlatformNotificationServiceBrowserTest.UserClosesPersistentNotification')
1 40 719 -0.0319953933772 ('BrowserFocusTest.FocusOnNavigate', 'WidgetTestInteractive.RestoreAfterMinimize')
12 492 97 0.0101132342388 ('BrowserFocusTest.BackgroundBrowserDontStealFocus', 'ExtensionCrashRecoveryTest.ReloadIndependentlyChangeTabs')
1 3 719 0.0128754927444 ('BrowserActionInteractiveTest.TestOpenPopupIncognitoFromBackground', 'WidgetTestInteractive.RestoreAfterMinimize')
1 2 8 0.249427370625 ('SitePerProcessInteractiveBrowserTest.FullscreenElementInABAAndExitViaEscapeKey', 'SitePerProcessInteractiveBrowserTest.SequentialFocusNavigation')
1 50 52 0.00910067955882 ('ExtensionCrashRecoveryTest.CrashAndUnloadAll', 'ExtensionCrashRecoveryTest.TwoExtensionsCrashBothAtOnce')
1 50 42 0.0124073941893 ('ExtensionCrashRecoveryTest.CrashAndUnloadAll', 'ExtensionCrashRecoveryTest.TwoExtensionsReloadIndependently')
1 45 194 -0.00895828269822 ('ExtensionCrashRecoveryTest.ReloadIndependently', 'MouseLeaveTest.ModalDialog')
1 3 40 0.0894087977623 ('BrowserFocusTest.ClickingMovesFocus', 'BrowserFocusTest.FocusOnNavigate')
4 334 129 -0.0251267539995 ('PlatformNotificationServiceBrowserTest.UserClosesPersistentNotification', 'WebViewInteractiveTests/WebViewInteractiveTest.TextSelection/0')
1 41 52 0.0121696449132 ('ExtensionCrashRecoveryTest.ReloadTabsWithBackgroundPage', 'ExtensionCrashRecoveryTest.TwoExtensionsCrashBothAtOnce')
3 32 719 -0.0128132676211 ('BrowserCommandControllerInteractiveTest.ShortcutsShouldTakeEffectInBrowserFullscreen', 'WidgetTestInteractive.RestoreAfterMinimize')
2 109 2 0.133940389977 ('LocalNTPUITest.FakeboxRedirectsToOmnibox', 'TouchEventsRecursiveViewTest.CheckWindowsRecursiveHandler')
1 3 596 0.0158739583224 ('BrowserKeyEventsTest.EditorKeyBindings', 'PasswordGenerationInteractiveTest.AutoSavingGeneratedPassword')
1 596 28 -0.0205016924536 ('PasswordGenerationInteractiveTest.AutoSavingGeneratedPassword', 'X11TopmostWindowFinderTest.NonRectangularNullShape')
2 87 25 0.0335744682334 ('AppListTest.PressAppListButtonToShowAndDismiss', 'BookmarkBarViewTest10.KeyEvents')
5 6 39 0.325202068466 ('BrowserFocusTest.FindFocusTest', 'MenuControllerMnemonicTestMnemonicMatch.MnemonicMatch')
3 492 24 0.00529310667941 ('BrowserFocusTest.BackgroundBrowserDontStealFocus', 'ExtensionCrashRecoveryTest.ShutdownWhileCrashed')
1 596 32 -0.0230353252282 ('PasswordGenerationInteractiveTest.AutoSavingGeneratedPassword', 'WebViewInteractiveTests/WebViewFocusInteractiveTest.FocusAndVisibility/1')
10 596 719 -0.140076897823 ('PasswordGenerationInteractiveTest.AutoSavingGeneratedPassword', 'WidgetTestInteractive.RestoreAfterMinimize')
8 492 42 0.0272957933027 ('BrowserFocusTest.BackgroundBrowserDontStealFocus', 'ExtensionCrashRecoveryTest.TwoExtensionsReloadIndependently')
1 38 596 -0.0264544040913 ('BrowserCommandControllerInteractiveTest.ShortcutsShouldTakeEffectInJsFullscreen', 'PasswordGenerationInteractiveTest.AutoSavingGeneratedPassword')
5 37 719 -0.00356545598147 ('ExtensionCrashRecoveryTest.Basic', 'WidgetTestInteractive.RestoreAfterMinimize')
7 52 792 -0.00849769146423 ('ExtensionCrashRecoveryTest.TwoExtensionsCrashBothAtOnce', 'TabDragging/DetachToBrowserTabDragControllerTest.DragToSeparateWindow/0')
33 194 792 0.00295388055077 ('MouseLeaveTest.ModalDialog', 'TabDragging/DetachToBrowserTabDragControllerTest.DragToSeparateWindow/0')
1 40 36 0.0186052104181 ('ExtensionCrashRecoveryTest.TwoExtensionsCrashFirst', 'ExtensionCrashRecoveryTest.TwoExtensionsOneByOne')
3 87 596 -0.0368710116376 ('AppListTest.PressAppListButtonToShowAndDismiss', 'PasswordGenerationInteractiveTest.AutoSavingGeneratedPassword')
1 3 141 0.0450221774322 ('PlatformNotificationServiceBrowserTest.CloseDisplayedPersistentNotification', 'WebViewInteractiveTests/WebViewInteractiveTest.TextSelection/1')
2 40 39 0.0427719082714 ('BrowserFocusTest.FocusOnNavigate', 'MenuControllerMnemonicTestMnemonicMatch.MnemonicMatch')
2 40 194 0.00448812109199 ('BrowserFocusTest.FocusOnNavigate', 'MouseLeaveTest.ModalDialog')
4 9 12 0.383576138389 ('UserDataDowngradeBrowserCopyAndCleanTest.Test', 'UserDataDowngradeBrowserNoResetTest.Test')
6 492 33 0.0217974742909 ('BrowserFocusTest.BackgroundBrowserDontStealFocus', 'ExtensionCrashRecoveryTest.TwoExtensionsShutdownWhileCrashed')
1 1 4 0.499843920708 ('PopupBlockerBrowserTest.ModalPopUnder', 'SitePerProcessInteractiveBrowserTest.DocumentHasFocus')
3 31 719 -0.0119270065159 ('ExtensionCrashRecoveryTest.CrashAndUninstall', 'WidgetTestInteractive.RestoreAfterMinimize')
14 129 141 0.0779388876649 ('WebViewInteractiveTests/WebViewInteractiveTest.TextSelection/0', 'WebViewInteractiveTests/WebViewInteractiveTest.TextSelection/1')
1 334 32 -0.0123088313094 ('PlatformNotificationServiceBrowserTest.UserClosesPersistentNotification', 'WebViewInteractiveTests/WebViewFocusInteractiveTest.FocusAndVisibility/1')
4 40 792 -0.0159912044112 ('BrowserFocusTest.FocusOnNavigate', 'TabDragging/DetachToBrowserTabDragControllerTest.DragToSeparateWindow/0')
1 3 4 0.28816431308 ('SitePerProcessTextInputManagerTest.ImeCommitTextForAllFrames', 'SitePerProcessTextInputManagerTest.TrackTextSelectionForAllFrames')
1 97 4 0.0471673407562 ('ExtensionCrashRecoveryTest.ReloadIndependentlyChangeTabs', 'PlatformNotificationServiceBrowserTest.DisplayPersistentNotificationWithReplyButton')
1 54 36 0.0136359249508 ('ExtensionCrashRecoveryTest.ReloadIndependentlyNavigatePage', 'ExtensionCrashRecoveryTest.TwoExtensionsOneByOne')
1 45 42 0.014085730635 ('ExtensionCrashRecoveryTest.ReloadIndependently', 'ExtensionCrashRecoveryTest.TwoExtensionsReloadIndependently')
2 87 11 0.0588167281686 ('AppListTest.PressAppListButtonToShowAndDismiss', 'WebUiScreenLockerTest.TestFullscreenExit')
1 6 6 0.165625216969 ('AppWindowInteractiveTest.ESCDoesNotLeaveFullscreenOldPermission', 'ExtensionPointerLockTest.ExtensionPointerLockAccessFail')
1 53 8 0.0445639397806 ('MenuControllerMnemonicTestTitleMatch.TitleMatch', 'SitePerProcessInteractiveBrowserTest.SequentialFocusNavigation')
1 94 3 0.0566296412195 ('BridgedNativeWidgetUITest.FullscreenEnterAndExit', 'PlatformNotificationServiceBrowserTest.DataUrlAsNotificationImage')
1 94 4 0.0480289192659 ('BridgedNativeWidgetUITest.FullscreenEnterAndExit', 'PlatformNotificationServiceBrowserTest.DisplayPersistentNotificationWithReplyButton')
1 4 49 0.0688967243852 ('ParamaterizedFullscreenControllerInteractiveTestInstance/ParamaterizedFullscreenControllerInteractiveTest.MouseLockSilentAfterTargetUnlock/1', 'WebViewInteractiveTests/WebViewFocusInteractiveTest.Focus_FocusTracksEmbedder/1')
1 3 39 0.0905962640956 ('BrowserFocusTest.ClickingMovesFocus', 'MenuControllerMnemonicTestMnemonicMatch.MnemonicMatch')
3 492 40 -0.00826566210785 ('BrowserFocusTest.BackgroundBrowserDontStealFocus', 'BrowserFocusTest.FocusOnNavigate')
1 1 1 1.0 ('OmniboxViewTest.BasicTextOperations', 'OmniboxViewTest.FocusSearchLongUrl')
3 87 52 0.0310596109996 ('AppListTest.PressAppListButtonToShowAndDismiss', 'ExtensionCrashRecoveryTest.TwoExtensionsCrashBothAtOnce')
1 39 334 -0.0155935813785 ('FindInPageTest.ButtonsDoNotAlterFocus', 'PlatformNotificationServiceBrowserTest.UserClosesPersistentNotification')
1 6 3 0.23503970434 ('AppWindowInteractiveTest.ESCDoesNotLeaveFullscreenOldPermission', 'PlatformNotificationServiceBrowserTest.DataUrlAsNotificationImage')
13 36 49 0.303469891472 ('TestAsNormalAndGuestUser/SpokenFeedbackTest.ChromeVoxShiftSearch/0', 'TestAsNormalAndGuestUser/SpokenFeedbackTest.ChromeVoxShiftSearch/1')
2 97 36 0.0218545086052 ('ExtensionCrashRecoveryTest.ReloadIndependentlyChangeTabs', 'ExtensionCrashRecoveryTest.TwoExtensionsOneByOne')
8 87 68 0.0894518058001 ('AppListTest.PressAppListButtonToShowAndDismiss', 'MenuModelAdapterTest.RebuildMenu')
1 24 719 -0.0214318058764 ('ExtensionCrashRecoveryTest.ShutdownWhileCrashed', 'WidgetTestInteractive.RestoreAfterMinimize')
4 792 21 0.00459201531708 ('TabDragging/DetachToBrowserTabDragControllerTest.DragToSeparateWindow/0', 'WebViewInteractiveTests/WebViewInteractiveTest.KeyboardFocusWindowCycle/0')
1 53 719 -0.0386951755476 ('MenuControllerMnemonicTestTitleMatch.TitleMatch', 'WidgetTestInteractive.RestoreAfterMinimize')
1 37 596 -0.0259111922476 ('ExtensionCrashRecoveryTest.Basic', 'PasswordGenerationInteractiveTest.AutoSavingGeneratedPassword')
1 16 28 0.0430394052528 ('X11TopmostWindowFinderTest.Menu', 'X11TopmostWindowFinderTest.NonRectangularNullShape')
2 194 163 -0.0267391795435 ('MouseLeaveTest.ModalDialog', 'SitePerProcessInteractiveBrowserTest.TabAndMouseFocusNavigation')
18 194 719 -0.0326539328561 ('MouseLeaveTest.ModalDialog', 'WidgetTestInteractive.RestoreAfterMinimize')
3 94 141 0.00216160474897 ('BridgedNativeWidgetUITest.FullscreenEnterAndExit', 'WebViewInteractiveTests/WebViewInteractiveTest.TextSelection/1')
3 492 33 -0.00313837980628 ('BrowserFocusTest.BackgroundBrowserDontStealFocus', 'ExtensionCrashRecoveryTest.TwoExtensionsCrashSecond')
1 54 163 -0.00906350312564 ('ExtensionCrashRecoveryTest.ReloadIndependentlyNavigatePage', 'SitePerProcessInteractiveBrowserTest.TabAndMouseFocusNavigation')
5 492 36 0.0104711473672 ('BrowserFocusTest.BackgroundBrowserDontStealFocus', 'ExtensionCrashRecoveryTest.TwoExtensionsOneByOne')
1 1 3 0.577230125547 ('NotificationsTest.TestCancelNotification', 'SitePerProcessTextInputManagerTest.TrackSelectionBoundsForAllFrames')
1 94 6 0.0375594225708 ('BridgedNativeWidgetUITest.FullscreenEnterAndExit', 'PlatformNotificationServiceBrowserTest.DisplayPersistentNotificationWithActionButtons')
4 9 14 0.354862192802 ('UserDataDowngradeBrowserCopyAndCleanTest.Test', 'UserDataDowngradeBrowserNoMSITest.Test')
1 50 163 -0.00787852451982 ('ExtensionCrashRecoveryTest.CrashAndUnloadAll', 'SitePerProcessInteractiveBrowserTest.TabAndMouseFocusNavigation')
1 3 1 0.577230125547 ('BrowserFocusTest.ClickingMovesFocus', 'MenuControllerMnemonicTestNoMatch.NoMatch')
1 97 334 -0.0333963064852 ('ExtensionCrashRecoveryTest.ReloadIndependentlyChangeTabs', 'PlatformNotificationServiceBrowserTest.UserClosesPersistentNotification')
1 33 16 0.0389377661429 ('ExtensionCrashRecoveryTest.TwoExtensionsShutdownWhileCrashed', 'X11TopmostWindowFinderTest.Menu')
1 4 163 0.0344544111091 ('CrossSiteSubframe/DragAndDropBrowserTest.DragImageBetweenFrames/0', 'SitePerProcessInteractiveBrowserTest.TabAndMouseFocusNavigation')
2 39 53 0.0348663431101 ('MenuControllerMnemonicTestMnemonicMatch.MnemonicMatch', 'MenuControllerMnemonicTestTitleMatch.TitleMatch')
4 52 194 0.01943017316 ('ExtensionCrashRecoveryTest.TwoExtensionsCrashBothAtOnce', 'MouseLeaveTest.ModalDialog')
1 8 4 0.175819369566 ('AutofillInteractiveTest.MultipleEmailFilledByOneUserGesture', 'MessageCenterNotificationsTest.ButtonClickedDelegate')
1 2 32 0.123774093323 ('PopupBlockerBrowserTest.ModalPopUnderSpawnerOpen', 'WebViewInteractiveTests/WebViewFocusInteractiveTest.FocusAndVisibility/1')
1 37 45 0.0161564215709 ('ExtensionCrashRecoveryTest.Basic', 'ExtensionCrashRecoveryTest.ReloadIndependently')
2 21 719 -0.0100916167435 ('WebViewInteractiveTests/WebViewInteractiveTest.KeyboardFocusWindowCycle/0', 'WidgetTestInteractive.RestoreAfterMinimize')
2 50 97 0.0144518636097 ('ExtensionCrashRecoveryTest.CrashAndUnloadAll', 'ExtensionCrashRecoveryTest.ReloadIndependentlyChangeTabs')
1 37 31 0.0226416476633 ('ExtensionCrashRecoveryTest.Basic', 'ExtensionCrashRecoveryTest.CrashAndUninstall')
1 94 5 0.0420514228781 ('BridgedNativeWidgetUITest.FullscreenEnterAndExit', 'SitePerProcessInteractivePDFTest.ContextMenuPositionForEmbeddedPDFInCrossOriginFrame')
2 492 28 -0.00780875134098 ('BrowserFocusTest.BackgroundBrowserDontStealFocus', 'X11TopmostWindowFinderTest.NonRectangularNullShape')
5 24 792 0.0083204671123 ('ExtensionCrashRecoveryTest.ShutdownWhileCrashed', 'TabDragging/DetachToBrowserTabDragControllerTest.DragToSeparateWindow/0')
11 334 719 -0.0893662059164 ('PlatformNotificationServiceBrowserTest.UserClosesPersistentNotification', 'WidgetTestInteractive.RestoreAfterMinimize')
1 1 1 1.0 ('OmniboxViewTest.EscapeToDefaultMatch', 'OmniboxViewTest.FocusSearchLongUrl')
2 40 719 -0.0255744082829 ('ExtensionCrashRecoveryTest.TwoExtensionsCrashFirst', 'WidgetTestInteractive.RestoreAfterMinimize')
1 1 8 0.35329581927 ('NotificationsApiTest.TestCSP', 'SitePerProcessTextInputManagerTest.TrackStateWhenSwitchingFocusedFrames')
1 42 719 -0.0331057795699 ('ExtensionCrashRecoveryTest.TwoExtensionsReloadIndependently', 'WidgetTestInteractive.RestoreAfterMinimize')
2 42 334 -0.00807241626244 ('ExtensionCrashRecoveryTest.TwoExtensionsReloadIndependently', 'PlatformNotificationServiceBrowserTest.UserClosesPersistentNotification')
1 36 334 -0.0142471522105 ('ExtensionCrashRecoveryTest.TwoExtensionsOneByOne', 'PlatformNotificationServiceBrowserTest.UserClosesPersistentNotification')
1 334 21 -0.00569552360551 ('PlatformNotificationServiceBrowserTest.UserClosesPersistentNotification', 'WebViewInteractiveTests/WebViewInteractiveTest.KeyboardFocusWindowCycle/1')
3 41 719 -0.019869111947 ('ExtensionCrashRecoveryTest.ReloadTabsWithBackgroundPage', 'WidgetTestInteractive.RestoreAfterMinimize')
5 42 792 -0.0115689297176 ('ExtensionCrashRecoveryTest.TwoExtensionsReloadIndependently', 'TabDragging/DetachToBrowserTabDragControllerTest.DragToSeparateWindow/0')
1 31 45 0.0191555693191 ('ExtensionCrashRecoveryTest.CrashAndUninstall', 'ExtensionCrashRecoveryTest.ReloadIndependently')
3 334 141 -0.0329559933623 ('PlatformNotificationServiceBrowserTest.UserClosesPersistentNotification', 'WebViewInteractiveTests/WebViewInteractiveTest.TextSelection/1')
1 596 141 -0.0616575835814 ('PasswordGenerationInteractiveTest.AutoSavingGeneratedPassword', 'WebViewInteractiveTests/WebViewInteractiveTest.TextSelection/1')
1 54 32 0.0155477383989 ('ExtensionCrashRecoveryTest.ReloadIndependentlyNavigatePage', 'WebViewInteractiveTests/WebViewFocusInteractiveTest.FocusAndVisibility/1')
1 5 596 0.00744263492803 ('AutofillInteractiveTest.AutofillAfterTranslate', 'PasswordGenerationInteractiveTest.AutoSavingGeneratedPassword')
1 4 129 0.0398517375613 ('AutofillInteractiveTest.FormFillableOnReset', 'WebViewInteractiveTests/WebViewInteractiveTest.TextSelection/0')
3 596 163 -0.0600193955134 ('PasswordGenerationInteractiveTest.AutoSavingGeneratedPassword', 'SitePerProcessInteractiveBrowserTest.TabAndMouseFocusNavigation')
1 31 334 -0.0117943083402 ('ExtensionCrashRecoveryTest.CrashAndUninstall', 'PlatformNotificationServiceBrowserTest.UserClosesPersistentNotification')
1 87 40 0.00474228582031 ('AppListTest.PressAppListButtonToShowAndDismiss', 'BrowserFocusTest.FocusOnNavigate')
6 41 792 -0.00460502839109 ('ExtensionCrashRecoveryTest.ReloadTabsWithBackgroundPage', 'TabDragging/DetachToBrowserTabDragControllerTest.DragToSeparateWindow/0')
1 52 68 0.00450267713972 ('ExtensionCrashRecoveryTest.TwoExtensionsCrashBothAtOnce', 'MenuModelAdapterTest.RebuildMenu')
1 194 21 0.00244407983494 ('MouseLeaveTest.ModalDialog', 'WebViewInteractiveTests/WebViewInteractiveTest.KeyboardFocusWindowCycle/0')
2 94 2 0.144461824291 ('BridgedNativeWidgetUITest.FullscreenEnterAndExit', 'PlatformNotificationServiceBrowserTest.GetDisplayedNotifications')
3 492 8 0.0367261255828 ('BrowserFocusTest.BackgroundBrowserDontStealFocus', 'GlobalCommandsApiTest.GlobalCommand')
1 94 2 0.0707902786334 ('BridgedNativeWidgetUITest.FullscreenEnterAndExit', 'PlatformNotificationServiceBrowserTest.WebNotificationSiteSettingsButton')
1 334 5 0.0165632575962 ('PlatformNotificationServiceBrowserTest.UserClosesPersistentNotification', 'SitePerProcessInteractivePDFTest.ContextMenuPositionForEmbeddedPDFInCrossOriginFrame')
1 194 19 0.00392879301491 ('MouseLeaveTest.ModalDialog', 'NotificationsTest.TestShouldDisplayMultiFullscreen')
1 45 33 0.0180800862707 ('ExtensionCrashRecoveryTest.ReloadIndependently', 'ExtensionCrashRecoveryTest.TwoExtensionsCrashSecond')
1 8 792 -0.00437604471824 ('GlobalCommandsApiTest.GlobalCommand', 'TabDragging/DetachToBrowserTabDragControllerTest.DragToSeparateWindow/0')
1 2 1 0.707033212359 ('BrowserFocusTest.TabInitialFocus', 'NotificationsApiTest.TestEvents')
2 54 33 0.0389487670613 ('ExtensionCrashRecoveryTest.ReloadIndependentlyNavigatePage', 'ExtensionCrashRecoveryTest.TwoExtensionsCrashSecond')
1 54 28 0.0177798093971 ('ExtensionCrashRecoveryTest.ReloadIndependentlyNavigatePage', 'X11TopmostWindowFinderTest.NonRectangularNullShape')
1 3 194 0.0372024887725 ('BrowserActionInteractiveTest.TestOpenPopupIncognitoFromBackground', 'MouseLeaveTest.ModalDialog')
1 334 17 -0.00249719959094 ('PlatformNotificationServiceBrowserTest.UserClosesPersistentNotification', 'WebViewInteractiveTests/WebViewInteractiveTest.KeyboardFocusSimple/1')
1 3 596 0.0158739583224 ('BrowserFocusTest.ClickingMovesFocus', 'PasswordGenerationInteractiveTest.AutoSavingGeneratedPassword')
6 45 719 -0.00442646779276 ('ExtensionCrashRecoveryTest.ReloadIndependently', 'WidgetTestInteractive.RestoreAfterMinimize')
1 87 36 0.00630707836469 ('AppListTest.PressAppListButtonToShowAndDismiss', 'ExtensionCrashRecoveryTest.TwoExtensionsOneByOne')
4 31 792 -0.00775924875527 ('ExtensionCrashRecoveryTest.CrashAndUninstall', 'TabDragging/DetachToBrowserTabDragControllerTest.DragToSeparateWindow/0')
1 141 5 0.0326375576869 ('WebViewInteractiveTests/WebViewInteractiveTest.TextSelection/1', 'WebViewPopupInteractiveTest.PopupPositioningMoved')
2 334 49 -0.0114406181956 ('PlatformNotificationServiceBrowserTest.UserClosesPersistentNotification', 'WebViewInteractiveTests/WebViewFocusInteractiveTest.Focus_FocusTracksEmbedder/1')
9 163 719 -0.0495660609603 ('SitePerProcessInteractiveBrowserTest.TabAndMouseFocusNavigation', 'WidgetTestInteractive.RestoreAfterMinimize')
1 37 36 0.0199590009441 ('ExtensionCrashRecoveryTest.Basic', 'ExtensionCrashRecoveryTest.TwoExtensionsOneByOne')
1 42 19 0.0297116032555 ('ExtensionCrashRecoveryTest.TwoExtensionsReloadIndependently', 'NotificationsTest.TestShouldDisplayMultiFullscreen')
15 97 792 -0.00391514896628 ('ExtensionCrashRecoveryTest.ReloadIndependentlyChangeTabs', 'TabDragging/DetachToBrowserTabDragControllerTest.DragToSeparateWindow/0')
1 2 596 0.0232772063841 ('ClipboardTest/0.WriteTextEmptyParams', 'PasswordGenerationInteractiveTest.AutoSavingGeneratedPassword')
41 492 719 -0.0627145130105 ('BrowserFocusTest.BackgroundBrowserDontStealFocus', 'WidgetTestInteractive.RestoreAfterMinimize')
1 41 36 0.0181823379939 ('ExtensionCrashRecoveryTest.ReloadTabsWithBackgroundPage', 'ExtensionCrashRecoveryTest.TwoExtensionsOneByOne')
2 33 596 -0.0159891343983 ('ExtensionCrashRecoveryTest.TwoExtensionsShutdownWhileCrashed', 'PasswordGenerationInteractiveTest.AutoSavingGeneratedPassword')
2 37 194 0.00612949422408 ('ExtensionCrashRecoveryTest.Basic', 'MouseLeaveTest.ModalDialog')
2 11 38 0.0940497343687 ('AppWindowInteractiveTest.TestCreate', 'BrowserCommandControllerInteractiveTest.ShortcutsShouldTakeEffectInJsFullscreen')
1 4 792 0.0066311262876 ('PlatformNotificationServiceBrowserTest.DisplayPersistentNotificationWithReplyButton', 'TabDragging/DetachToBrowserTabDragControllerTest.DragToSeparateWindow/0')
1 3 4 0.28816431308 ('BrowserActionInteractiveTest.TestOpenPopupIncognitoFromBackground', 'CrossSiteSubframe/DragAndDropBrowserTest.DragImageBetweenFrames/0')
10 596 792 -0.150074123668 ('PasswordGenerationInteractiveTest.AutoSavingGeneratedPassword', 'TabDragging/DetachToBrowserTabDragControllerTest.DragToSeparateWindow/0')
4 50 792 -0.0234248448997 ('ExtensionCrashRecoveryTest.CrashAndUnloadAll', 'TabDragging/DetachToBrowserTabDragControllerTest.DragToSeparateWindow/0')
1 54 334 -0.0213635561712 ('ExtensionCrashRecoveryTest.ReloadIndependentlyNavigatePage', 'PlatformNotificationServiceBrowserTest.UserClosesPersistentNotification')
37 596 334 -0.010950900771 ('PasswordGenerationInteractiveTest.AutoSavingGeneratedPassword', 'PlatformNotificationServiceBrowserTest.UserClosesPersistentNotification')
4 492 163 -0.0480937996074 ('BrowserFocusTest.BackgroundBrowserDontStealFocus', 'SitePerProcessInteractiveBrowserTest.TabAndMouseFocusNavigation')
1 37 334 -0.0147052271104 ('ExtensionCrashRecoveryTest.Basic', 'PlatformNotificationServiceBrowserTest.UserClosesPersistentNotification')
1 31 19 0.036344583648 ('ExtensionCrashRecoveryTest.CrashAndUninstall', 'NotificationsTest.TestShouldDisplayMultiFullscreen')
3 596 39 -0.0129151692471 ('PasswordGenerationInteractiveTest.AutoSavingGeneratedPassword', 'WebViewInteractiveTests/WebViewFocusInteractiveTest.Focus_FocusTakeFocus/1')
1 45 41 0.0144748860787 ('ExtensionCrashRecoveryTest.ReloadIndependently', 'ExtensionCrashRecoveryTest.ReloadTabsWithBackgroundPage')
1 21 5 0.0957173244086 ('WebViewInteractiveTests/WebViewInteractiveTest.KeyboardFocusWindowCycle/1', 'WebViewPopupInteractiveTest.PopupPositioningMoved')
6 33 792 0.00382317563158 ('ExtensionCrashRecoveryTest.TwoExtensionsCrashSecond', 'TabDragging/DetachToBrowserTabDragControllerTest.DragToSeparateWindow/0')
3 39 719 -0.0184228489768 ('MenuControllerMnemonicTestMnemonicMatch.MnemonicMatch', 'WidgetTestInteractive.RestoreAfterMinimize')
1 6 719 0.00169428143593 ('PlatformNotificationServiceBrowserTest.DisplayPersistentNotificationWithActionButtons', 'WidgetTestInteractive.RestoreAfterMinimize')
1 36 163 -0.00294252063772 ('ExtensionCrashRecoveryTest.TwoExtensionsOneByOne', 'SitePerProcessInteractiveBrowserTest.TabAndMouseFocusNavigation')
2 94 596 -0.0440132228904 ('BridgedNativeWidgetUITest.FullscreenEnterAndExit', 'PasswordGenerationInteractiveTest.AutoSavingGeneratedPassword')
1 52 36 0.0142421388163 ('ExtensionCrashRecoveryTest.TwoExtensionsCrashBothAtOnce', 'ExtensionCrashRecoveryTest.TwoExtensionsOneByOne')
1 4 8 0.175819369566 ('SitePerProcessInteractiveBrowserTest.DocumentHasFocus', 'SitePerProcessInteractiveBrowserTest.SequentialFocusNavigation')
1 36 596 -0.0253580844631 ('ExtensionCrashRecoveryTest.TwoExtensionsOneByOne', 'PasswordGenerationInteractiveTest.AutoSavingGeneratedPassword')
5 792 28 0.00284987947305 ('TabDragging/DetachToBrowserTabDragControllerTest.DragToSeparateWindow/0', 'X11TopmostWindowFinderTest.NonRectangularNullShape')
1 4 334 0.0204878149194 ('AutofillInteractiveIsolationTest.SimpleCrossSiteFill', 'PlatformNotificationServiceBrowserTest.UserClosesPersistentNotification')
1 2 4 0.353185420112 ('SitePerProcessTextInputManagerTest.ResetStateAfterChildNavigation', 'SitePerProcessTextInputManagerTest.TrackCompositionRangeForAllFrames')
2 2 792 0.0459355040071 ('NotificationsApiTest.TestUserGesture', 'TabDragging/DetachToBrowserTabDragControllerTest.DragToSeparateWindow/0')
1 3 39 0.0905962640956 ('ParamaterizedFullscreenControllerInteractiveTestInstance/ParamaterizedFullscreenControllerInteractiveTest.MouseLockSilentAfterTargetUnlock/0', 'WebViewInteractiveTests/WebViewFocusInteractiveTest.Focus_FocusTakeFocus/1')
1 97 163 -0.0187117477111 ('ExtensionCrashRecoveryTest.ReloadIndependentlyChangeTabs', 'SitePerProcessInteractiveBrowserTest.TabAndMouseFocusNavigation')
1 6 4 0.203316494755 ('ExtensionPointerLockTest.ExtensionPointerLockAccessFail', 'PlatformNotificationServiceBrowserTest.DisplayPersistentNotificationWithReplyButton')
5 492 31 0.0156659568272 ('BrowserFocusTest.BackgroundBrowserDontStealFocus', 'ExtensionCrashRecoveryTest.CrashAndUninstall')
1 97 2 0.0696186247692 ('ExtensionCrashRecoveryTest.ReloadIndependentlyChangeTabs', 'WebViewInteractiveTests/WebViewFocusInteractiveTest.Focus_BlurEvent/0')
1 24 28 0.0333635436059 ('ExtensionCrashRecoveryTest.ShutdownWhileCrashed', 'X11TopmostWindowFinderTest.NonRectangularNullShape')
18 492 194 -0.0064728668763 ('BrowserFocusTest.BackgroundBrowserDontStealFocus', 'MouseLeaveTest.ModalDialog')
1 492 16 -0.00759774040373 ('BrowserFocusTest.BackgroundBrowserDontStealFocus', 'X11TopmostWindowFinderTest.Menu')
3 36 719 -0.0161332715953 ('ExtensionCrashRecoveryTest.TwoExtensionsOneByOne', 'WidgetTestInteractive.RestoreAfterMinimize')
1 41 28 0.0226279875537 ('ExtensionCrashRecoveryTest.ReloadTabsWithBackgroundPage', 'X11TopmostWindowFinderTest.NonRectangularNullShape')
1 50 36 0.0148773606657 ('ExtensionCrashRecoveryTest.CrashAndUnloadAll', 'ExtensionCrashRecoveryTest.TwoExtensionsOneByOne')
1 45 52 0.0107174450283 ('ExtensionCrashRecoveryTest.ReloadIndependently', 'ExtensionCrashRecoveryTest.TwoExtensionsCrashBothAtOnce')
2 97 54 0.0127790981445 ('ExtensionCrashRecoveryTest.ReloadIndependentlyChangeTabs', 'ExtensionCrashRecoveryTest.ReloadIndependentlyNavigatePage')
2 4 11 0.3006005141 ('SitePerProcessInteractiveBrowserTest.FullscreenElementInABAAndExitViaJS', 'WebUiScreenLockerTest.TestFullscreenExit')
1 87 1 0.106247688343 ('AppListTest.PressAppListButtonToShowAndDismiss', 'WebViewInteractiveTests/WebViewFocusInteractiveTest.Focus_FocusBeforeNavigation/1')
2 334 163 -0.0421538041118 ('PlatformNotificationServiceBrowserTest.UserClosesPersistentNotification', 'SitePerProcessInteractiveBrowserTest.TabAndMouseFocusNavigation')
4 54 194 0.0182613941235 ('ExtensionCrashRecoveryTest.ReloadIndependentlyNavigatePage', 'MouseLeaveTest.ModalDialog')
1 596 129 -0.0585674057876 ('PasswordGenerationInteractiveTest.AutoSavingGeneratedPassword', 'WebViewInteractiveTests/WebViewInteractiveTest.TextSelection/0')
5 33 792 -0.002968400592 ('ExtensionCrashRecoveryTest.TwoExtensionsShutdownWhileCrashed', 'TabDragging/DetachToBrowserTabDragControllerTest.DragToSeparateWindow/0')
3 94 3 0.176947292199 ('BridgedNativeWidgetUITest.FullscreenEnterAndExit', 'PlatformNotificationServiceBrowserTest.CloseDisplayedPersistentNotification')
1 31 50 0.0173561412023 ('ExtensionCrashRecoveryTest.CrashAndUninstall', 'ExtensionCrashRecoveryTest.CrashAndUnloadAll')
98 492 792 0.0313374351985 ('BrowserFocusTest.BackgroundBrowserDontStealFocus', 'TabDragging/DetachToBrowserTabDragControllerTest.DragToSeparateWindow/0')
7 36 792 0.00695101525223 ('ExtensionCrashRecoveryTest.TwoExtensionsOneByOne', 'TabDragging/DetachToBrowserTabDragControllerTest.DragToSeparateWindow/0')
1 28 596 -0.0205016924536 ('FindInPageTest.CtrlEnter', 'PasswordGenerationInteractiveTest.AutoSavingGeneratedPassword')
1 4 94 0.0480289192659 ('AutofillInteractiveTest.FormFillableOnReset', 'BridgedNativeWidgetUITest.FullscreenEnterAndExit')
1 53 1 0.136615435426 ('MenuControllerMnemonicTestTitleMatch.TitleMatch', 'SameSiteSubframe/DragAndDropBrowserTest.DragImageBetweenFrames/0')
2 50 194 -0.000186403593775 ('ExtensionCrashRecoveryTest.CrashAndUnloadAll', 'MouseLeaveTest.ModalDialog')
1 50 45 0.0113260427811 ('ExtensionCrashRecoveryTest.CrashAndUnloadAll', 'ExtensionCrashRecoveryTest.ReloadIndependently')
1 334 21 -0.00569552360551 ('PlatformNotificationServiceBrowserTest.UserClosesPersistentNotification', 'WebViewInteractiveTests/WebViewInteractiveTest.KeyboardFocusWindowCycle/0')
6 50 719 -0.00850111620002 ('ExtensionCrashRecoveryTest.CrashAndUnloadAll', 'WidgetTestInteractive.RestoreAfterMinimize')
2 492 52 -0.0220422047521 ('BrowserFocusTest.BackgroundBrowserDontStealFocus', 'ExtensionCrashRecoveryTest.TwoExtensionsCrashBothAtOnce')
1 39 596 -0.0269882098389 ('MenuControllerMnemonicTestMnemonicMatch.MnemonicMatch', 'PasswordGenerationInteractiveTest.AutoSavingGeneratedPassword')
1 33 28 0.026743711729 ('ExtensionCrashRecoveryTest.TwoExtensionsShutdownWhileCrashed', 'X11TopmostWindowFinderTest.NonRectangularNullShape')
1 52 28 0.0184225593556 ('ExtensionCrashRecoveryTest.TwoExtensionsCrashBothAtOnce', 'X11TopmostWindowFinderTest.NonRectangularNullShape')
1 33 163 -0.00165637224175 ('ExtensionCrashRecoveryTest.TwoExtensionsCrashSecond', 'SitePerProcessInteractiveBrowserTest.TabAndMouseFocusNavigation')
1 40 21 0.0286558723786 ('BrowserFocusTest.FocusOnNavigate', 'WebViewInteractiveTests/WebViewInteractiveTest.KeyboardFocusWindowCycle/0')
1 492 2 0.0267651482209 ('BrowserFocusTest.BackgroundBrowserDontStealFocus', 'StartupBrowserCreatorTest.LastUsedProfileActivated')
7 37 792 0.00579995152246 ('ExtensionCrashRecoveryTest.Basic', 'TabDragging/DetachToBrowserTabDragControllerTest.DragToSeparateWindow/0')
1 49 6 0.055069812331 ('TestAsNormalAndGuestUser/SpokenFeedbackTest.ChromeVoxShiftSearch/1', 'TestAsNormalAndGuestUser/SpokenFeedbackTest.NavigateSystemTray/0')
1 53 163 -0.00877441293855 ('MenuControllerMnemonicTestTitleMatch.TitleMatch', 'SitePerProcessInteractiveBrowserTest.TabAndMouseFocusNavigation')
2 32 596 -0.0152729131446 ('BrowserCommandControllerInteractiveTest.ShortcutsShouldTakeEffectInBrowserFullscreen', 'PasswordGenerationInteractiveTest.AutoSavingGeneratedPassword')
2 45 334 -0.00957205137225 ('ExtensionCrashRecoveryTest.ReloadIndependently', 'PlatformNotificationServiceBrowserTest.UserClosesPersistentNotification')
2 52 596 -0.0271377845169 ('ExtensionCrashRecoveryTest.TwoExtensionsCrashBothAtOnce', 'PasswordGenerationInteractiveTest.AutoSavingGeneratedPassword')
2 194 28 0.0120849234917 ('MouseLeaveTest.ModalDialog', 'X11TopmostWindowFinderTest.NonRectangularNullShape')
2 37 52 0.036811995121 ('ExtensionCrashRecoveryTest.Basic', 'ExtensionCrashRecoveryTest.TwoExtensionsCrashBothAtOnce')
1 50 16 0.0296752705966 ('ExtensionCrashRecoveryTest.CrashAndUnloadAll', 'X11TopmostWindowFinderTest.Menu')
1 97 33 0.00598619752401 ('ExtensionCrashRecoveryTest.ReloadIndependentlyChangeTabs', 'ExtensionCrashRecoveryTest.TwoExtensionsCrashSecond')
54 792 719 -0.101357123722 ('TabDragging/DetachToBrowserTabDragControllerTest.DragToSeparateWindow/0', 'WidgetTestInteractive.RestoreAfterMinimize')
2 39 792 -0.0276658082423 ('FindInPageTest.ButtonsDoNotAlterFocus', 'TabDragging/DetachToBrowserTabDragControllerTest.DragToSeparateWindow/0')
1 28 334 -0.0101651472506 ('FindInPageTest.CtrlEnter', 'PlatformNotificationServiceBrowserTest.UserClosesPersistentNotification')
1 2 141 0.0569082153326 ('WebViewInteractiveTests/WebViewInteractiveTest.EditCommandsNoMenu/0', 'WebViewInteractiveTests/WebViewInteractiveTest.TextSelection/1')
1 68 2 0.0839364046771 ('MenuModelAdapterTest.RebuildMenu', 'WebViewInteractiveTests/WebViewInteractiveTest.EditCommandsNoMenu/0')
8 52 719 0.00125277890386 ('ExtensionCrashRecoveryTest.TwoExtensionsCrashBothAtOnce', 'WidgetTestInteractive.RestoreAfterMinimize')
1 31 41 0.0207888422145 ('ExtensionCrashRecoveryTest.CrashAndUninstall', 'ExtensionCrashRecoveryTest.ReloadTabsWithBackgroundPage')
1 3 17 0.138831335632 ('ParamaterizedFullscreenControllerInteractiveTestInstance/ParamaterizedFullscreenControllerInteractiveTest.MouseLockSilentAfterTargetUnlock/0', 'WebViewInteractiveTests/WebViewInteractiveTest.KeyboardFocusSimple/1')
1 492 50 -0.0278539694786 ('BrowserFocusTest.BackgroundBrowserDontStealFocus', 'ExtensionCrashRecoveryTest.CrashAndUnloadAll')
1 6 596 0.00457826391623 ('DevToolsManagerDelegateTest.NormalToFullscreenWindow', 'PasswordGenerationInteractiveTest.AutoSavingGeneratedPassword')
5 54 719 -0.0170293025436 ('ExtensionCrashRecoveryTest.ReloadIndependentlyNavigatePage', 'WidgetTestInteractive.RestoreAfterMinimize')
5 14 12 0.38410076488 ('UserDataDowngradeBrowserNoMSITest.Test', 'UserDataDowngradeBrowserNoResetTest.Test')
2 97 42 0.0183213447288 ('ExtensionCrashRecoveryTest.ReloadIndependentlyChangeTabs', 'ExtensionCrashRecoveryTest.TwoExtensionsReloadIndependently')
1 1 8 0.35329581927 ('SameSiteSubframe/DragAndDropBrowserTest.DragImageBetweenFrames/0', 'SitePerProcessInteractiveBrowserTest.SequentialFocusNavigation')
10 94 334 0.0204953088865 ('BridgedNativeWidgetUITest.FullscreenEnterAndExit', 'PlatformNotificationServiceBrowserTest.UserClosesPersistentNotification')
1 40 334 -0.0160248221378 ('ExtensionCrashRecoveryTest.TwoExtensionsCrashFirst', 'PlatformNotificationServiceBrowserTest.UserClosesPersistentNotification')
1 596 10 -0.00332298742253 ('PasswordGenerationInteractiveTest.AutoSavingGeneratedPassword', 'PasswordManagerBrowserTestForManualSaving.ManualFallbackForSaving_HideIcon')
1 6 1 0.408035871338 ('ExtensionPointerLockTest.ExtensionPointerLockAccessFail', 'ManagePasswordsBubbleViewTest.CommandExecutionInAutomaticState')
1 42 28 0.0221882280193 ('ExtensionCrashRecoveryTest.TwoExtensionsReloadIndependently', 'X11TopmostWindowFinderTest.NonRectangularNullShape')
1 52 19 0.0254635443646 ('ExtensionCrashRecoveryTest.TwoExtensionsCrashBothAtOnce', 'NotificationsTest.TestShouldDisplayMultiFullscreen')
1 24 334 -0.00774892082183 ('ExtensionCrashRecoveryTest.ShutdownWhileCrashed', 'PlatformNotificationServiceBrowserTest.UserClosesPersistentNotification')
8 45 792 0.00341135041406 ('ExtensionCrashRecoveryTest.ReloadIndependently', 'TabDragging/DetachToBrowserTabDragControllerTest.DragToSeparateWindow/0')
7 54 792 -0.010093947999 ('ExtensionCrashRecoveryTest.ReloadIndependentlyNavigatePage', 'TabDragging/DetachToBrowserTabDragControllerTest.DragToSeparateWindow/0')
1 6 719 0.00169428143593 ('AppWindowHiddenKeepAliveTest.HiddenThenShown', 'WidgetTestInteractive.RestoreAfterMinimize')
1 24 42 0.0250644041432 ('ExtensionCrashRecoveryTest.ShutdownWhileCrashed', 'ExtensionCrashRecoveryTest.TwoExtensionsReloadIndependently')
1 40 17 0.0331199505627 ('ExtensionCrashRecoveryTest.TwoExtensionsCrashFirst', 'WebViewInteractiveTests/WebViewInteractiveTest.KeyboardFocusSimple/1')
3 25 11 0.178124202828 ('BookmarkBarViewTest10.KeyEvents', 'WebUiScreenLockerTest.TestFullscreenExit')
1 53 32 0.0158551666258 ('MenuControllerMnemonicTestTitleMatch.TitleMatch', 'WebViewInteractiveTests/WebViewFocusInteractiveTest.FocusAndVisibility/1')
2 36 194 0.0067082184623 ('ExtensionCrashRecoveryTest.TwoExtensionsOneByOne', 'MouseLeaveTest.ModalDialog')
2 41 194 0.00396959818544 ('ExtensionCrashRecoveryTest.ReloadTabsWithBackgroundPage', 'MouseLeaveTest.ModalDialog')
5 194 334 -0.0352516585903 ('MouseLeaveTest.ModalDialog', 'PlatformNotificationServiceBrowserTest.UserClosesPersistentNotification')
5 492 40 0.00684482952647 ('BrowserFocusTest.BackgroundBrowserDontStealFocus', 'ExtensionCrashRecoveryTest.TwoExtensionsCrashFirst')
1 1 3 0.577230125547 ('MaterialBookmarksFocusTest.All', 'MaterialHistoryFocusTest.All')
1 54 596 -0.0341105968333 ('ExtensionCrashRecoveryTest.ReloadIndependentlyNavigatePage', 'PasswordGenerationInteractiveTest.AutoSavingGeneratedPassword')
1 97 19 0.014538781419 ('ExtensionCrashRecoveryTest.ReloadIndependentlyChangeTabs', 'NotificationsTest.TestShouldDisplayMultiFullscreen')
1 719 28 -0.0244361658189 ('WidgetTestInteractive.RestoreAfterMinimize', 'X11TopmostWindowFinderTest.NonRectangularNullShape')
1 6 109 0.0341940622307 ('CrossSiteSubframe/DragAndDropBrowserTest.DragImageFromDisappearingFrame/0', 'LocalNTPUITest.FakeboxRedirectsToOmnibox')
1 4 129 0.0398517375613 ('MessageCenterNotificationsTest.ButtonClickedDelegate', 'WebViewInteractiveTests/WebViewInteractiveTest.TextSelection/0')
1 40 49 0.0135028249231 ('BrowserFocusTest.FocusOnNavigate', 'WebViewInteractiveTests/WebViewFocusInteractiveTest.Focus_FocusTracksEmbedder/1')
1 4 792 0.0066311262876 ('AppWindowInteractiveTest.TestInnerBounds', 'TabDragging/DetachToBrowserTabDragControllerTest.DragToSeparateWindow/0')
7 97 719 -0.031147185155 ('ExtensionCrashRecoveryTest.ReloadIndependentlyChangeTabs', 'WidgetTestInteractive.RestoreAfterMinimize')
20 334 792 -0.0772561551579 ('PlatformNotificationServiceBrowserTest.UserClosesPersistentNotification', 'TabDragging/DetachToBrowserTabDragControllerTest.DragToSeparateWindow/0')
1 792 16 -0.0159301653844 ('TabDragging/DetachToBrowserTabDragControllerTest.DragToSeparateWindow/0', 'X11TopmostWindowFinderTest.Menu')
3 52 334 -0.00484875813118 ('ExtensionCrashRecoveryTest.TwoExtensionsCrashBothAtOnce', 'PlatformNotificationServiceBrowserTest.UserClosesPersistentNotification')
2 25 4 0.198518994979 ('BookmarkBarViewTest10.KeyEvents', 'SitePerProcessInteractiveBrowserTest.FullscreenElementInABAAndExitViaJS')
2 39 719 -0.024924951402 ('FindInPageTest.ButtonsDoNotAlterFocus', 'WidgetTestInteractive.RestoreAfterMinimize')
2 39 596 -0.019951689543 ('FindInPageTest.ButtonsDoNotAlterFocus', 'PasswordGenerationInteractiveTest.AutoSavingGeneratedPassword')
6 97 194 0.0156766096696 ('ExtensionCrashRecoveryTest.ReloadIndependentlyChangeTabs', 'MouseLeaveTest.ModalDialog')
